"URL","Current Status (Live/404/Redirect/Canonical)","Target Canonical URL","Sitemap Inclusion (Yes/No)","Action (Keep/Update/301 Redirect/Remove from Sitemap/Prerender Content)","H1 Tag","Target Word Count","Primary Keyword","Schema Types Needed","Notes"
"/allen-tx-zultys-phone-systems","404 Not Found (Phantom Sitemap URL)","/allen-tx-zultys-voip","No (Remove)","Remove from Sitemap / Add 301 Redirect","N/A (Redirect)","0","allen zultys phone systems","None","Legacy phantom URL generated by sitemap generator. Cause of Ahrefs 404 & GSC 404."
"/arlington-tx-zultys-phone-systems","404 Not Found (Phantom Sitemap URL)","/arlington-ip-pbx","No (Remove)","Remove from Sitemap / Add 301 Redirect","N/A (Redirect)","0","arlington zultys phone systems","None","Legacy phantom URL generated by sitemap generator. Cause of Ahrefs 404 & GSC 404."
"/balch-springs-tx-zultys-phone-systems","404 Not Found (Phantom Sitemap URL)","/balch-springs-tx-zultys-voip","No (Remove)","Remove from Sitemap / Add 301 Redirect","N/A (Redirect)","0","balch springs zultys phone systems","None","Legacy phantom URL generated by sitemap generator. Cause of Ahrefs 404 & GSC 404."
"/bedford-tx-zultys-phone-systems","404 Not Found (Phantom Sitemap URL)","/bedford-zultys-solutions","No (Remove)","Remove from Sitemap / Add 301 Redirect","N/A (Redirect)","0","bedford zultys phone systems","None","Legacy phantom URL generated by sitemap generator. Cause of Ahrefs 404 & GSC 404."
"/benbrook-tx-zultys-phone-systems","404 Not Found (Phantom Sitemap URL)","/benbrook-phone-systems","No (Remove)","Remove from Sitemap / Add 301 Redirect","N/A (Redirect)","0","benbrook zultys phone systems","None","Legacy phantom URL generated by sitemap generator. Cause of Ahrefs 404 & GSC 404."
"/carrollton-tx-zultys-phone-systems","404 Not Found (Phantom Sitemap URL)","/carrollton-zultys","No (Remove)","Remove from Sitemap / Add 301 Redirect","N/A (Redirect)","0","carrollton zultys phone systems","None","Legacy phantom URL generated by sitemap generator. Cause of Ahrefs 404 & GSC 404."
"/cedar-hill-tx-zultys-phone-systems","404 Not Found (Phantom Sitemap URL)","/cedar-hill-tx-zultys-voip","No (Remove)","Remove from Sitemap / Add 301 Redirect","N/A (Redirect)","0","cedar hill zultys phone systems","None","Legacy phantom URL generated by sitemap generator. Cause of Ahrefs 404 & GSC 404."
"/colleyville-tx-zultys-phone-systems","404 Not Found (Phantom Sitemap URL)","/colleyville-voip","No (Remove)","Remove from Sitemap / Add 301 Redirect","N/A (Redirect)","0","colleyville zultys phone systems","None","Legacy phantom URL generated by sitemap generator. Cause of Ahrefs 404 & GSC 404."
"/dallas-tx-zultys-phone-systems","404 Not Found (Phantom Sitemap URL)","/dallas-zultys-phones","No (Remove)","Remove from Sitemap / Add 301 Redirect","N/A (Redirect)","0","dallas zultys phone systems","None","Legacy phantom URL generated by sitemap generator. Cause of Ahrefs 404 & GSC 404."
"/denton-tx-zultys-phone-systems","404 Not Found (Phantom Sitemap URL)","/denton-business-phone-systems","No (Remove)","Remove from Sitemap / Add 301 Redirect","N/A (Redirect)","0","denton zultys phone systems","None","Legacy phantom URL generated by sitemap generator. Cause of Ahrefs 404 & GSC 404."
"/duncanville-tx-zultys-phone-systems","404 Not Found (Phantom Sitemap URL)","/duncanville-tx-zultys-voip","No (Remove)","Remove from Sitemap / Add 301 Redirect","N/A (Redirect)","0","duncanville zultys phone systems","None","Legacy phantom URL generated by sitemap generator. Cause of Ahrefs 404 & GSC 404."
"/euless-tx-zultys-phone-systems","404 Not Found (Phantom Sitemap URL)","/euless-business-phones","No (Remove)","Remove from Sitemap / Add 301 Redirect","N/A (Redirect)","0","euless zultys phone systems","None","Legacy phantom URL generated by sitemap generator. Cause of Ahrefs 404 & GSC 404."
"/flower-mound-tx-zultys-phone-systems","404 Not Found (Phantom Sitemap URL)","/flower-mound-business-phones","No (Remove)","Remove from Sitemap / Add 301 Redirect","N/A (Redirect)","0","flower mound zultys phone systems","None","Legacy phantom URL generated by sitemap generator. Cause of Ahrefs 404 & GSC 404."
"/fort-worth-tx-zultys-phone-systems","404 Not Found (Phantom Sitemap URL)","/fort-worth-zultys-systems","No (Remove)","Remove from Sitemap / Add 301 Redirect","N/A (Redirect)","0","fort worth zultys phone systems","None","Legacy phantom URL generated by sitemap generator. Cause of Ahrefs 404 & GSC 404."
"/frisco-tx-zultys-phone-systems","404 Not Found (Phantom Sitemap URL)","/frisco-voip-solutions","No (Remove)","Remove from Sitemap / Add 301 Redirect","N/A (Redirect)","0","frisco zultys phone systems","None","Legacy phantom URL generated by sitemap generator. Cause of Ahrefs 404 & GSC 404."
"/garland-tx-zultys-phone-systems","404 Not Found (Phantom Sitemap URL)","/garland-business-voip","No (Remove)","Remove from Sitemap / Add 301 Redirect","N/A (Redirect)","0","garland zultys phone systems","None","Legacy phantom URL generated by sitemap generator. Cause of Ahrefs 404 & GSC 404."
"/grand-prairie-tx-zultys-phone-systems","404 Not Found (Phantom Sitemap URL)","/grand-prairie-zultys","No (Remove)","Remove from Sitemap / Add 301 Redirect","N/A (Redirect)","0","grand prairie zultys phone systems","None","Legacy phantom URL generated by sitemap generator. Cause of Ahrefs 404 & GSC 404."
"/grapevine-tx-zultys-phone-systems","404 Not Found (Phantom Sitemap URL)","/grapevine-business-voip","No (Remove)","Remove from Sitemap / Add 301 Redirect","N/A (Redirect)","0","grapevine zultys phone systems","None","Legacy phantom URL generated by sitemap generator. Cause of Ahrefs 404 & GSC 404."
"/haltom-city-tx-zultys-phone-systems","404 Not Found (Phantom Sitemap URL)","/haltom-city-zultys","No (Remove)","Remove from Sitemap / Add 301 Redirect","N/A (Redirect)","0","haltom city zultys phone systems","None","Legacy phantom URL generated by sitemap generator. Cause of Ahrefs 404 & GSC 404."
"/hurst-tx-zultys-phone-systems","404 Not Found (Phantom Sitemap URL)","/hurst-ip-pbx","No (Remove)","Remove from Sitemap / Add 301 Redirect","N/A (Redirect)","0","hurst zultys phone systems","None","Legacy phantom URL generated by sitemap generator. Cause of Ahrefs 404 & GSC 404."
"/irving-tx-zultys-phone-systems","404 Not Found (Phantom Sitemap URL)","/irving-business-phone-systems","No (Remove)","Remove from Sitemap / Add 301 Redirect","N/A (Redirect)","0","irving zultys phone systems","None","Legacy phantom URL generated by sitemap generator. Cause of Ahrefs 404 & GSC 404."
"/keller-tx-zultys-phone-systems","404 Not Found (Phantom Sitemap URL)","/keller-zultys-dealer","No (Remove)","Remove from Sitemap / Add 301 Redirect","N/A (Redirect)","0","keller zultys phone systems","None","Legacy phantom URL generated by sitemap generator. Cause of Ahrefs 404 & GSC 404."
"/lancaster-tx-zultys-phone-systems","404 Not Found (Phantom Sitemap URL)","/lancaster-tx-zultys-dealer","No (Remove)","Remove from Sitemap / Add 301 Redirect","N/A (Redirect)","0","lancaster zultys phone systems","None","Legacy phantom URL generated by sitemap generator. Cause of Ahrefs 404 & GSC 404."
"/lewisville-tx-zultys-phone-systems","404 Not Found (Phantom Sitemap URL)","/lewisville-voip-solutions","No (Remove)","Remove from Sitemap / Add 301 Redirect","N/A (Redirect)","0","lewisville zultys phone systems","None","Legacy phantom URL generated by sitemap generator. Cause of Ahrefs 404 & GSC 404."
"/mckinney-tx-zultys-phone-systems","404 Not Found (Phantom Sitemap URL)","/mckinney-zultys-dealer","No (Remove)","Remove from Sitemap / Add 301 Redirect","N/A (Redirect)","0","mckinney zultys phone systems","None","Legacy phantom URL generated by sitemap generator. Cause of Ahrefs 404 & GSC 404."
"/mesquite-tx-zultys-phone-systems","404 Not Found (Phantom Sitemap URL)","/mesquite-zultys-phone-systems","No (Remove)","Remove from Sitemap / Add 301 Redirect","N/A (Redirect)","0","mesquite zultys phone systems","None","Legacy phantom URL generated by sitemap generator. Cause of Ahrefs 404 & GSC 404."
"/murphy-tx-zultys-phone-systems","404 Not Found (Phantom Sitemap URL)","/murphy-tx-zultys-voip","No (Remove)","Remove from Sitemap / Add 301 Redirect","N/A (Redirect)","0","murphy zultys phone systems","None","Legacy phantom URL generated by sitemap generator. Cause of Ahrefs 404 & GSC 404."
"/north-richland-hills-tx-zultys-phone-systems","404 Not Found (Phantom Sitemap URL)","/north-richland-hills-zultys","No (Remove)","Remove from Sitemap / Add 301 Redirect","N/A (Redirect)","0","north richland hills zultys phone systems","None","Legacy phantom URL generated by sitemap generator. Cause of Ahrefs 404 & GSC 404."
"/plano-tx-zultys-phone-systems","404 Not Found (Phantom Sitemap URL)","/plano-zultys-dealer","No (Remove)","Remove from Sitemap / Add 301 Redirect","N/A (Redirect)","0","plano zultys phone systems","None","Legacy phantom URL generated by sitemap generator. Cause of Ahrefs 404 & GSC 404."
"/richardson-tx-zultys-phone-systems","404 Not Found (Phantom Sitemap URL)","/richardson-phone-systems","No (Remove)","Remove from Sitemap / Add 301 Redirect","N/A (Redirect)","0","richardson zultys phone systems","None","Legacy phantom URL generated by sitemap generator. Cause of Ahrefs 404 & GSC 404."
"/river-oaks-tx-zultys-phone-systems","404 Not Found (Phantom Sitemap URL)","/river-oaks-zultys","No (Remove)","Remove from Sitemap / Add 301 Redirect","N/A (Redirect)","0","river oaks zultys phone systems","None","Legacy phantom URL generated by sitemap generator. Cause of Ahrefs 404 & GSC 404."
"/rowlett-tx-zultys-phone-systems","404 Not Found (Phantom Sitemap URL)","/rowlett-tx-zultys-dealer","No (Remove)","Remove from Sitemap / Add 301 Redirect","N/A (Redirect)","0","rowlett zultys phone systems","None","Legacy phantom URL generated by sitemap generator. Cause of Ahrefs 404 & GSC 404."
"/sachse-tx-zultys-phone-systems","404 Not Found (Phantom Sitemap URL)","/sachse-tx-zultys-dealer","No (Remove)","Remove from Sitemap / Add 301 Redirect","N/A (Redirect)","0","sachse zultys phone systems","None","Legacy phantom URL generated by sitemap generator. Cause of Ahrefs 404 & GSC 404."
"/saginaw-tx-zultys-phone-systems","404 Not Found (Phantom Sitemap URL)","/saginaw-business-communications","No (Remove)","Remove from Sitemap / Add 301 Redirect","N/A (Redirect)","0","saginaw zultys phone systems","None","Legacy phantom URL generated by sitemap generator. Cause of Ahrefs 404 & GSC 404."
"/southlake-tx-zultys-phone-systems","404 Not Found (Phantom Sitemap URL)","/southlake-ip-phones","No (Remove)","Remove from Sitemap / Add 301 Redirect","N/A (Redirect)","0","southlake zultys phone systems","None","Legacy phantom URL generated by sitemap generator. Cause of Ahrefs 404 & GSC 404."
"/the-colony-tx-zultys-phone-systems","404 Not Found (Phantom Sitemap URL)","/the-colony-tx-zultys-voip","No (Remove)","Remove from Sitemap / Add 301 Redirect","N/A (Redirect)","0","the colony zultys phone systems","None","Legacy phantom URL generated by sitemap generator. Cause of Ahrefs 404 & GSC 404."
"/watauga-tx-zultys-phone-systems","404 Not Found (Phantom Sitemap URL)","/watauga-voip-solutions","No (Remove)","Remove from Sitemap / Add 301 Redirect","N/A (Redirect)","0","watauga zultys phone systems","None","Legacy phantom URL generated by sitemap generator. Cause of Ahrefs 404 & GSC 404."
"/westworth-village-tx-zultys-phone-systems","404 Not Found (Phantom Sitemap URL)","/westworth-village-zultys","No (Remove)","Remove from Sitemap / Add 301 Redirect","N/A (Redirect)","0","westworth village zultys phone systems","None","Legacy phantom URL generated by sitemap generator. Cause of Ahrefs 404 & GSC 404."
"/white-settlement-tx-zultys-phone-systems","404 Not Found (Phantom Sitemap URL)","/white-settlement-business-phones","No (Remove)","Remove from Sitemap / Add 301 Redirect","N/A (Redirect)","0","white settlement zultys phone systems","None","Legacy phantom URL generated by sitemap generator. Cause of Ahrefs 404 & GSC 404."
"/","Live 200 OK (Canonical)","/","Yes","Keep / Prerender Content","Zultys Business Phone Systems Dallas Fort Worth","1200","Zultys business phone systems DFW","Organization, WebSite, LocalBusiness","Prerender semantic HTML body with H1, text, breadcrumbs, and internal links."
"/products","Live 200 OK (Canonical)","/products","Yes","Keep / Prerender Content","Zultys IP Phones","650","Zultys Business Phone Systems Dallas Fort Worth","Organization, WebSite, BreadcrumbList, ProfessionalService, Service","Prerender semantic HTML body with H1, text, breadcrumbs, and internal links."
"/solutions","Live 200 OK (Canonical)","/solutions","Yes","Keep / Prerender Content","Zultys VoIP for Businesses","650","Zultys Business Phone Systems Dallas Fort Worth","Organization, WebSite, BreadcrumbList, ProfessionalService, Service","Prerender semantic HTML body with H1, text, breadcrumbs, and internal links."
"/about","Live 200 OK (Canonical)","/about","Yes","Keep / Prerender Content","About DFW Business Communications","700","Zultys authorized dealer Dallas Fort Worth","Organization, WebSite, BreadcrumbList, AboutPage","Prerender semantic HTML body with H1, text, breadcrumbs, and internal links."
"/contact","Live 200 OK (Canonical)","/contact","Yes","Keep / Prerender Content","Contact DFW Business Communications","500","Zultys support contact Dallas Fort Worth","Organization, WebSite, BreadcrumbList, ContactPage","Prerender semantic HTML body with H1, text, breadcrumbs, and internal links."
"/blog","Live 200 OK (Canonical)","/blog","Yes","Keep / Prerender Content","Zultys Phone Systems Blog TX","650","Zultys Business Phone Systems Dallas Fort Worth","Organization, WebSite, BreadcrumbList, ProfessionalService, Service","Prerender semantic HTML body with H1, text, breadcrumbs, and internal links."
"/blog/why-zultys-is-the-best-choice-for-dfw-small-businesses","Live 200 OK (Canonical)","/blog/why-zultys-is-the-best-choice-for-dfw-small-businesses","Yes","Keep / Prerender Content","Zultys VoIP for Small to Medium Businesses (SMBs)","1200","why zultys is the best choice for dfw small businesses","Organization, WebSite, BreadcrumbList, BlogPosting","Prerender semantic HTML body with H1, text, breadcrumbs, and internal links."
"/blog/on-premise-vs-cloud-which-zultys-deployment-is-right-for-you","Live 200 OK (Canonical)","/blog/on-premise-vs-cloud-which-zultys-deployment-is-right-for-you","Yes","Keep / Prerender Content","Zultys Cloud Phone System","1000","blog/on premise vs cloud which zultys deployment is right for you","Organization, WebSite, BreadcrumbList, Article","Prerender semantic HTML body with H1, text, breadcrumbs, and internal links."
"/blog/how-to-optimize-your-office-network-for-voip-performance","Live 200 OK (Canonical)","/blog/how-to-optimize-your-office-network-for-voip-performance","Yes","Keep / Prerender Content","Zultys Phone Systems Blog/how To Optimize Your Office Net...","1200","how to optimize your office network for voip performance","Organization, WebSite, BreadcrumbList, BlogPosting","Prerender semantic HTML body with H1, text, breadcrumbs, and internal links."
"/zultys-vs-competitors","Live 200 OK (Canonical)","/zultys-vs-competitors","Yes","Keep / Prerender Content","Zultys vs Competitors","1000","zultys vs competitors","Organization, WebSite, BreadcrumbList, Article","Prerender semantic HTML body with H1, text, breadcrumbs, and internal links."
"/zultys-vs-competition","Live 200 OK (Non-Canonical Alternate)","/zultys-vs-competitors","No","Keep Alternate / Map Canonical","Zultys vs Competitors","1000","zultys vs competition","Organization, WebSite, BreadcrumbList, Article","Canonical points to /zultys-vs-competitors. Do not include in XML sitemap."
"/zultys-vs-dfw-local-telecoms","Live 200 OK (Canonical)","/zultys-vs-dfw-local-telecoms","Yes","Keep / Prerender Content","Zultys vs Competitors","1000","zultys vs dfw local telecoms","Organization, WebSite, BreadcrumbList, Article","Prerender semantic HTML body with H1, text, breadcrumbs, and internal links."
"/zultys-vs-ringcentral","Live 200 OK (Canonical)","/zultys-vs-ringcentral","Yes","Keep / Prerender Content","Zultys vs RingCentral","1000","zultys vs ringcentral","Organization, WebSite, BreadcrumbList, Article","Prerender semantic HTML body with H1, text, breadcrumbs, and internal links."
"/zultys-vs-8x8","Live 200 OK (Canonical)","/zultys-vs-8x8","Yes","Keep / Prerender Content","Zultys vs 8x8","1000","zultys vs 8x8","Organization, WebSite, BreadcrumbList, Article","Prerender semantic HTML body with H1, text, breadcrumbs, and internal links."
"/zultys-vs-microsoft-teams","Live 200 OK (Canonical)","/zultys-vs-microsoft-teams","Yes","Keep / Prerender Content","Zultys vs Microsoft Teams","1000","zultys vs microsoft teams","Organization, WebSite, BreadcrumbList, Article","Prerender semantic HTML body with H1, text, breadcrumbs, and internal links."
"/zultys-vs-vonage","Live 200 OK (Canonical)","/zultys-vs-vonage","Yes","Keep / Prerender Content","Zultys vs Vonage","1000","zultys vs vonage","Organization, WebSite, BreadcrumbList, Article","Prerender semantic HTML body with H1, text, breadcrumbs, and internal links."
"/zultys-faq","Live 200 OK (Canonical)","/zultys-faq","Yes","Keep / Prerender Content","Zultys Phone Systems Zultys Faq TX","650","Zultys Business Phone Systems Dallas Fort Worth","Organization, WebSite, BreadcrumbList, ProfessionalService, Service","Prerender semantic HTML body with H1, text, breadcrumbs, and internal links."
"/hipaa-compliant-voip","Live 200 OK (Canonical)","/hipaa-compliant-voip","Yes","Keep / Prerender Content","Zultys Phone Systems Hipaa Compliant TX","650","Zultys Business Phone Systems Dallas Fort Worth","Organization, WebSite, BreadcrumbList, ProfessionalService, Service","Prerender semantic HTML body with H1, text, breadcrumbs, and internal links."
"/zultys-pricing","Live 200 OK (Canonical)","/zultys-pricing","Yes","Keep / Prerender Content","Zultys VoIP Pricing & Cloud PBX Plans","800","Zultys pricing Dallas Fort Worth","Organization, WebSite, BreadcrumbList, Service","Prerender semantic HTML body with H1, text, breadcrumbs, and internal links."
"/free-voip-site-audit","Live 200 OK (Canonical)","/free-voip-site-audit","Yes","Keep / Prerender Content","Zultys Phone Systems Free Voip Site Audit TX","650","Zultys Business Phone Systems Dallas Fort Worth","Organization, WebSite, BreadcrumbList, ProfessionalService, Service","Prerender semantic HTML body with H1, text, breadcrumbs, and internal links."
"/case-studies","Live 200 OK (Canonical)","/case-studies","Yes","Keep / Prerender Content","Zultys Phone Systems Case Studies TX","650","Zultys Business Phone Systems Dallas Fort Worth","Organization, WebSite, BreadcrumbList, ProfessionalService, Service","Prerender semantic HTML body with H1, text, breadcrumbs, and internal links."
"/case-studies/healthcare-zultys-migration-dallas","Live 200 OK (Canonical)","/case-studies/healthcare-zultys-migration-dallas","Yes","Keep / Prerender Content","Zultys Phone Systems Dallas","650","Zultys Business Phone Systems Dallas Fort Worth","Organization, WebSite, BreadcrumbList, ProfessionalService, Service","Prerender semantic HTML body with H1, text, breadcrumbs, and internal links."
"/collin-county-voip-systems","Live 200 OK (Canonical)","/collin-county-voip-systems","Yes","Keep / Prerender Content","Zultys Phone Systems Collin County Voip Systems TX","650","Zultys Business Phone Systems Dallas Fort Worth","Organization, WebSite, BreadcrumbList, ProfessionalService, Service","Prerender semantic HTML body with H1, text, breadcrumbs, and internal links."
"/voip-glossary","Live 200 OK (Canonical)","/voip-glossary","Yes","Keep / Prerender Content","Zultys Phone Systems Voip Glossary TX","650","Zultys Business Phone Systems Dallas Fort Worth","Organization, WebSite, BreadcrumbList, ProfessionalService, Service","Prerender semantic HTML body with H1, text, breadcrumbs, and internal links."
"/our-team","Live 200 OK (Canonical)","/our-team","Yes","Keep / Prerender Content","Zultys Phone Systems Our Team TX","650","Zultys Business Phone Systems Dallas Fort Worth","Organization, WebSite, BreadcrumbList, ProfessionalService, Service","Prerender semantic HTML body with H1, text, breadcrumbs, and internal links."
"/certifications-awards","Live 200 OK (Canonical)","/certifications-awards","Yes","Keep / Prerender Content","Zultys Phone Systems Certifications Awards TX","650","Zultys Business Phone Systems Dallas Fort Worth","Organization, WebSite, BreadcrumbList, ProfessionalService, Service","Prerender semantic HTML body with H1, text, breadcrumbs, and internal links."
"/zultys-user-guides","Live 200 OK (Canonical)","/zultys-user-guides","Yes","Keep / Prerender Content","Zultys Phone Systems Zultys User Guides TX","650","Zultys Business Phone Systems Dallas Fort Worth","Organization, WebSite, BreadcrumbList, ProfessionalService, Service","Prerender semantic HTML body with H1, text, breadcrumbs, and internal links."
"/privacy","Live 200 OK (Canonical)","/privacy","Yes","Keep / Prerender Content","Zultys Phone Systems Privacy TX","650","Zultys Business Phone Systems Dallas Fort Worth","Organization, WebSite, BreadcrumbList, ProfessionalService, Service","Prerender semantic HTML body with H1, text, breadcrumbs, and internal links."
"/terms","Live 200 OK (Canonical)","/terms","Yes","Keep / Prerender Content","Zultys Phone Systems Terms TX","650","Zultys Business Phone Systems Dallas Fort Worth","Organization, WebSite, BreadcrumbList, ProfessionalService, Service","Prerender semantic HTML body with H1, text, breadcrumbs, and internal links."
"/zultys-vs-avaya","Live 200 OK (Canonical)","/zultys-vs-avaya","Yes","Keep / Prerender Content","Zultys vs Avaya","1000","zultys vs avaya","Organization, WebSite, BreadcrumbList, Article","Prerender semantic HTML body with H1, text, breadcrumbs, and internal links."
"/zultys-vs-cisco-webex","Live 200 OK (Canonical)","/zultys-vs-cisco-webex","Yes","Keep / Prerender Content","Zultys vs Cisco","1000","zultys vs cisco webex","Organization, WebSite, BreadcrumbList, Article","Prerender semantic HTML body with H1, text, breadcrumbs, and internal links."
"/zultys-vs-mitel","Live 200 OK (Canonical)","/zultys-vs-mitel","Yes","Keep / Prerender Content","Zultys vs Mitel","1000","zultys vs mitel","Organization, WebSite, BreadcrumbList, Article","Prerender semantic HTML body with H1, text, breadcrumbs, and internal links."
"/zultys-migration-guide-dfw","Live 200 OK (Canonical)","/zultys-migration-guide-dfw","Yes","Keep / Prerender Content","Zultys Phone Systems Zultys Migration Guide Dfw TX","650","Zultys Business Phone Systems Dallas Fort Worth","Organization, WebSite, BreadcrumbList, ProfessionalService, Service","Prerender semantic HTML body with H1, text, breadcrumbs, and internal links."
"/zultys-crm-integration-guide","Live 200 OK (Canonical)","/zultys-crm-integration-guide","Yes","Keep / Prerender Content","Zultys Phone Systems Zultys Crm Integration Guide TX...","650","Zultys Business Phone Systems Dallas Fort Worth","Organization, WebSite, BreadcrumbList, ProfessionalService, Service","Prerender semantic HTML body with H1, text, breadcrumbs, and internal links."
"/zultys-vs-zoom-phone","Live 200 OK (Canonical)","/zultys-vs-zoom-phone","Yes","Keep / Prerender Content","Zultys vs Zoom Phone","1000","zultys vs zoom phone","Organization, WebSite, BreadcrumbList, Article","Prerender semantic HTML body with H1, text, breadcrumbs, and internal links."
"/zultys-vs-gotoconnect","Live 200 OK (Canonical)","/zultys-vs-gotoconnect","Yes","Keep / Prerender Content","Zultys vs GoToConnect","1000","zultys vs gotoconnect","Organization, WebSite, BreadcrumbList, Article","Prerender semantic HTML body with H1, text, breadcrumbs, and internal links."
"/zultys-vs-nextiva","Live 200 OK (Canonical)","/zultys-vs-nextiva","Yes","Keep / Prerender Content","Zultys vs Nextiva","1000","zultys vs nextiva","Organization, WebSite, BreadcrumbList, Article","Prerender semantic HTML body with H1, text, breadcrumbs, and internal links."
"/remote-work-solutions","Live 200 OK (Canonical)","/remote-work-solutions","Yes","Keep / Prerender Content","Zultys VoIP for Businesses","650","Zultys Business Phone Systems Dallas Fort Worth","Organization, WebSite, BreadcrumbList, ProfessionalService, Service","Prerender semantic HTML body with H1, text, breadcrumbs, and internal links."
"/voip-security-encryption","Live 200 OK (Canonical)","/voip-security-encryption","Yes","Keep / Prerender Content","Zultys Phone Systems Voip Security Encryption TX","650","Zultys Business Phone Systems Dallas Fort Worth","Organization, WebSite, BreadcrumbList, ProfessionalService, Service","Prerender semantic HTML body with H1, text, breadcrumbs, and internal links."
"/zultys-vs-dialpad","Live 200 OK (Canonical)","/zultys-vs-dialpad","Yes","Keep / Prerender Content","Zultys vs Dialpad","1000","zultys vs dialpad","Organization, WebSite, BreadcrumbList, Article","Prerender semantic HTML body with H1, text, breadcrumbs, and internal links."
"/zultys-vs-intermedia","Live 200 OK (Canonical)","/zultys-vs-intermedia","Yes","Keep / Prerender Content","Zultys vs Intermedia","1000","zultys vs intermedia","Organization, WebSite, BreadcrumbList, Article","Prerender semantic HTML body with H1, text, breadcrumbs, and internal links."
"/zultys-for-legal-firms","Live 200 OK (Canonical)","/zultys-for-legal-firms","Yes","Keep / Prerender Content","Zultys VoIP for Law Firms & Legal Practices","650","Zultys Business Phone Systems Dallas Fort Worth","Organization, WebSite, BreadcrumbList, ProfessionalService, Service","Prerender semantic HTML body with H1, text, breadcrumbs, and internal links."
"/zultys-for-financial-services","Live 200 OK (Canonical)","/zultys-for-financial-services","Yes","Keep / Prerender Content","Zultys VoIP for Financial Services & Investment Firms...","650","Zultys Business Phone Systems Dallas Fort Worth","Organization, WebSite, BreadcrumbList, ProfessionalService, Service","Prerender semantic HTML body with H1, text, breadcrumbs, and internal links."
"/zultys-for-manufacturing-logistics","Live 200 OK (Canonical)","/zultys-for-manufacturing-logistics","Yes","Keep / Prerender Content","Zultys VoIP for Manufacturing, Warehousing & Logistics...","650","Zultys Business Phone Systems Dallas Fort Worth","Organization, WebSite, BreadcrumbList, ProfessionalService, Service","Prerender semantic HTML body with H1, text, breadcrumbs, and internal links."
"/zultys-vs-comcast-business","Live 200 OK (Canonical)","/zultys-vs-comcast-business","Yes","Keep / Prerender Content","Zultys vs Comcast Business","1000","zultys vs comcast business","Organization, WebSite, BreadcrumbList, Article","Prerender semantic HTML body with H1, text, breadcrumbs, and internal links."
"/zultys-vs-spectrum-business","Live 200 OK (Canonical)","/zultys-vs-spectrum-business","Yes","Keep / Prerender Content","Zultys vs Spectrum Business","1000","zultys vs spectrum business","Organization, WebSite, BreadcrumbList, Article","Prerender semantic HTML body with H1, text, breadcrumbs, and internal links."
"/zultys-vs-att-business","Live 200 OK (Canonical)","/zultys-vs-att-business","Yes","Keep / Prerender Content","Zultys vs AT&T Business","1000","zultys vs att business","Organization, WebSite, BreadcrumbList, Article","Prerender semantic HTML body with H1, text, breadcrumbs, and internal links."
"/zultys-for-hospitality","Live 200 OK (Canonical)","/zultys-for-hospitality","Yes","Keep / Prerender Content","Zultys VoIP for Hotels, Lodging & Hospitality","650","Zultys Business Phone Systems Dallas Fort Worth","Organization, WebSite, BreadcrumbList, ProfessionalService, Service","Prerender semantic HTML body with H1, text, breadcrumbs, and internal links."
"/zultys-for-non-profits","Live 200 OK (Canonical)","/zultys-for-non-profits","Yes","Keep / Prerender Content","Zultys VoIP for Non-Profit Organizations","650","Zultys Business Phone Systems Dallas Fort Worth","Organization, WebSite, BreadcrumbList, ProfessionalService, Service","Prerender semantic HTML body with H1, text, breadcrumbs, and internal links."
"/zultys-vs-ooma-office","Live 200 OK (Canonical)","/zultys-vs-ooma-office","Yes","Keep / Prerender Content","Zultys vs Ooma","1000","zultys vs ooma office","Organization, WebSite, BreadcrumbList, Article","Prerender semantic HTML body with H1, text, breadcrumbs, and internal links."
"/zultys-for-education","Live 200 OK (Canonical)","/zultys-for-education","Yes","Keep / Prerender Content","Zultys VoIP for Schools & K-12/Higher Education","650","Zultys Business Phone Systems Dallas Fort Worth","Organization, WebSite, BreadcrumbList, ProfessionalService, Service","Prerender semantic HTML body with H1, text, breadcrumbs, and internal links."
"/zultys-for-real-estate","Live 200 OK (Canonical)","/zultys-for-real-estate","Yes","Keep / Prerender Content","Zultys VoIP for Real Estate Agencies & Brokerages","650","Zultys Business Phone Systems Dallas Fort Worth","Organization, WebSite, BreadcrumbList, ProfessionalService, Service","Prerender semantic HTML body with H1, text, breadcrumbs, and internal links."
"/zultys-for-retail","Live 200 OK (Canonical)","/zultys-for-retail","Yes","Keep / Prerender Content","Zultys Phone Systems Zultys For Retail TX","650","Zultys Business Phone Systems Dallas Fort Worth","Organization, WebSite, BreadcrumbList, ProfessionalService, Service","Prerender semantic HTML body with H1, text, breadcrumbs, and internal links."
"/mesquite-zultys-phone-systems","Live 200 OK (Canonical)","/mesquite-zultys-phone-systems","Yes","Keep / Prerender Content","Zultys IP Phones","650","Zultys Business Phone Systems Dallas Fort Worth","Organization, WebSite, BreadcrumbList, ProfessionalService, Service","Prerender semantic HTML body with H1, text, breadcrumbs, and internal links."
"/mesquite","Live 200 OK (Non-Canonical Alternate)","/mesquite-zultys-phone-systems","No","Keep Alternate / Map Canonical","Zultys Phone Systems Mesquite TX","650","Zultys Business Phone Systems Dallas Fort Worth","Organization, WebSite, BreadcrumbList, ProfessionalService, Service","Canonical points to /mesquite-zultys-phone-systems. Do not include in XML sitemap."
"/garland-business-voip","Live 200 OK (Canonical)","/garland-business-voip","Yes","Keep / Prerender Content","Zultys Phone Systems Garland TX","650","Zultys Business Phone Systems Dallas Fort Worth","Organization, WebSite, BreadcrumbList, ProfessionalService, Service","Prerender semantic HTML body with H1, text, breadcrumbs, and internal links."
"/garland","Live 200 OK (Non-Canonical Alternate)","/garland-business-voip","No","Keep Alternate / Map Canonical","Zultys Phone Systems Garland TX","650","Zultys Business Phone Systems Dallas Fort Worth","Organization, WebSite, BreadcrumbList, ProfessionalService, Service","Canonical points to /garland-business-voip. Do not include in XML sitemap."
"/mckinney-zultys-dealer","Live 200 OK (Canonical)","/mckinney-zultys-dealer","Yes","Keep / Prerender Content","Zultys Phone Systems Mckinney TX","650","Zultys Business Phone Systems Dallas Fort Worth","Organization, WebSite, BreadcrumbList, ProfessionalService, Service","Prerender semantic HTML body with H1, text, breadcrumbs, and internal links."
"/mckinney","Live 200 OK (Non-Canonical Alternate)","/mckinney-zultys-dealer","No","Keep Alternate / Map Canonical","Zultys Phone Systems Mckinney TX","650","Zultys Business Phone Systems Dallas Fort Worth","Organization, WebSite, BreadcrumbList, ProfessionalService, Service","Canonical points to /mckinney-zultys-dealer. Do not include in XML sitemap."
"/denton-business-phone-systems","Live 200 OK (Canonical)","/denton-business-phone-systems","Yes","Keep / Prerender Content","Zultys IP Phones","650","Zultys Business Phone Systems Dallas Fort Worth","Organization, WebSite, BreadcrumbList, ProfessionalService, Service","Prerender semantic HTML body with H1, text, breadcrumbs, and internal links."
"/denton","Live 200 OK (Non-Canonical Alternate)","/denton-business-phone-systems","No","Keep Alternate / Map Canonical","Zultys Phone Systems Denton TX","650","Zultys Business Phone Systems Dallas Fort Worth","Organization, WebSite, BreadcrumbList, ProfessionalService, Service","Canonical points to /denton-business-phone-systems. Do not include in XML sitemap."
"/lewisville-voip-solutions","Live 200 OK (Canonical)","/lewisville-voip-solutions","Yes","Keep / Prerender Content","Zultys VoIP for Businesses","650","Zultys Business Phone Systems Dallas Fort Worth","Organization, WebSite, BreadcrumbList, ProfessionalService, Service","Prerender semantic HTML body with H1, text, breadcrumbs, and internal links."
"/lewisville","Live 200 OK (Non-Canonical Alternate)","/lewisville-voip-solutions","No","Keep Alternate / Map Canonical","Zultys Phone Systems Lewisville TX","650","Zultys Business Phone Systems Dallas Fort Worth","Organization, WebSite, BreadcrumbList, ProfessionalService, Service","Canonical points to /lewisville-voip-solutions. Do not include in XML sitemap."
"/allen-tx-zultys-voip","Live 200 OK (Canonical)","/allen-tx-zultys-voip","Yes","Keep / Prerender Content","Zultys Phone Systems Allen TX","650","Zultys Business Phone Systems Dallas Fort Worth","Organization, WebSite, BreadcrumbList, ProfessionalService, Service","Prerender semantic HTML body with H1, text, breadcrumbs, and internal links."
"/allen","Live 200 OK (Non-Canonical Alternate)","/allen-tx-zultys-voip","No","Keep Alternate / Map Canonical","Zultys Phone Systems Allen TX","650","Zultys Business Phone Systems Dallas Fort Worth","Organization, WebSite, BreadcrumbList, ProfessionalService, Service","Canonical points to /allen-tx-zultys-voip. Do not include in XML sitemap."
"/mansfield-tx-zultys-phone-systems","Live 200 OK (Canonical)","/mansfield-tx-zultys-phone-systems","Yes","Keep / Prerender Content","Zultys IP Phones","650","Zultys Business Phone Systems Dallas Fort Worth","Organization, WebSite, BreadcrumbList, ProfessionalService, Service","Prerender semantic HTML body with H1, text, breadcrumbs, and internal links."
"/mansfield","Live 200 OK (Non-Canonical Alternate)","/mansfield-tx-zultys-phone-systems","No","Keep Alternate / Map Canonical","Zultys Phone Systems Mansfield TX","650","Zultys Business Phone Systems Dallas Fort Worth","Organization, WebSite, BreadcrumbList, ProfessionalService, Service","Canonical points to /mansfield-tx-zultys-phone-systems. Do not include in XML sitemap."
"/rowlett-tx-zultys-dealer","Live 200 OK (Canonical)","/rowlett-tx-zultys-dealer","Yes","Keep / Prerender Content","Zultys Phone Systems Rowlett TX","650","Zultys Business Phone Systems Dallas Fort Worth","Organization, WebSite, BreadcrumbList, ProfessionalService, Service","Prerender semantic HTML body with H1, text, breadcrumbs, and internal links."
"/rowlett","Live 200 OK (Non-Canonical Alternate)","/rowlett-tx-zultys-dealer","No","Keep Alternate / Map Canonical","Zultys Phone Systems Rowlett TX","650","Zultys Business Phone Systems Dallas Fort Worth","Organization, WebSite, BreadcrumbList, ProfessionalService, Service","Canonical points to /rowlett-tx-zultys-dealer. Do not include in XML sitemap."
"/cedar-hill-tx-zultys-voip","Live 200 OK (Canonical)","/cedar-hill-tx-zultys-voip","Yes","Keep / Prerender Content","Zultys Phone Systems Cedar Hill TX","650","Zultys Business Phone Systems Dallas Fort Worth","Organization, WebSite, BreadcrumbList, ProfessionalService, Service","Prerender semantic HTML body with H1, text, breadcrumbs, and internal links."
"/cedar-hill","Live 200 OK (Non-Canonical Alternate)","/cedar-hill-tx-zultys-voip","No","Keep Alternate / Map Canonical","Zultys Phone Systems Cedar Hill TX","650","Zultys Business Phone Systems Dallas Fort Worth","Organization, WebSite, BreadcrumbList, ProfessionalService, Service","Canonical points to /cedar-hill-tx-zultys-voip. Do not include in XML sitemap."
"/desoto-tx-zultys-phone-systems","Live 200 OK (Canonical)","/desoto-tx-zultys-phone-systems","Yes","Keep / Prerender Content","Zultys IP Phones","650","Zultys Business Phone Systems Dallas Fort Worth","Organization, WebSite, BreadcrumbList, ProfessionalService, Service","Prerender semantic HTML body with H1, text, breadcrumbs, and internal links."
"/desoto","Live 200 OK (Non-Canonical Alternate)","/desoto-tx-zultys-phone-systems","No","Keep Alternate / Map Canonical","Zultys Phone Systems Desoto TX","650","Zultys Business Phone Systems Dallas Fort Worth","Organization, WebSite, BreadcrumbList, ProfessionalService, Service","Canonical points to /desoto-tx-zultys-phone-systems. Do not include in XML sitemap."
"/coppell-tx-zultys-phone-systems","Live 200 OK (Canonical)","/coppell-tx-zultys-phone-systems","Yes","Keep / Prerender Content","Zultys IP Phones","650","Zultys Business Phone Systems Dallas Fort Worth","Organization, WebSite, BreadcrumbList, ProfessionalService, Service","Prerender semantic HTML body with H1, text, breadcrumbs, and internal links."
"/coppell","Live 200 OK (Non-Canonical Alternate)","/coppell-tx-zultys-phone-systems","No","Keep Alternate / Map Canonical","Zultys Phone Systems Coppell TX","650","Zultys Business Phone Systems Dallas Fort Worth","Organization, WebSite, BreadcrumbList, ProfessionalService, Service","Canonical points to /coppell-tx-zultys-phone-systems. Do not include in XML sitemap."
"/duncanville-tx-zultys-voip","Live 200 OK (Canonical)","/duncanville-tx-zultys-voip","Yes","Keep / Prerender Content","Zultys Phone Systems Duncanville TX","650","Zultys Business Phone Systems Dallas Fort Worth","Organization, WebSite, BreadcrumbList, ProfessionalService, Service","Prerender semantic HTML body with H1, text, breadcrumbs, and internal links."
"/duncanville","Live 200 OK (Non-Canonical Alternate)","/duncanville-tx-zultys-voip","No","Keep Alternate / Map Canonical","Zultys Phone Systems Duncanville TX","650","Zultys Business Phone Systems Dallas Fort Worth","Organization, WebSite, BreadcrumbList, ProfessionalService, Service","Canonical points to /duncanville-tx-zultys-voip. Do not include in XML sitemap."
"/lancaster-tx-zultys-dealer","Live 200 OK (Canonical)","/lancaster-tx-zultys-dealer","Yes","Keep / Prerender Content","Zultys Phone Systems Lancaster TX","650","Zultys Business Phone Systems Dallas Fort Worth","Organization, WebSite, BreadcrumbList, ProfessionalService, Service","Prerender semantic HTML body with H1, text, breadcrumbs, and internal links."
"/lancaster","Live 200 OK (Non-Canonical Alternate)","/lancaster-tx-zultys-dealer","No","Keep Alternate / Map Canonical","Zultys Phone Systems Lancaster TX","650","Zultys Business Phone Systems Dallas Fort Worth","Organization, WebSite, BreadcrumbList, ProfessionalService, Service","Canonical points to /lancaster-tx-zultys-dealer. Do not include in XML sitemap."
"/the-colony-tx-zultys-voip","Live 200 OK (Canonical)","/the-colony-tx-zultys-voip","Yes","Keep / Prerender Content","Zultys Phone Systems The Colony TX","650","Zultys Business Phone Systems Dallas Fort Worth","Organization, WebSite, BreadcrumbList, ProfessionalService, Service","Prerender semantic HTML body with H1, text, breadcrumbs, and internal links."
"/the-colony","Live 200 OK (Non-Canonical Alternate)","/the-colony-tx-zultys-voip","No","Keep Alternate / Map Canonical","Zultys Phone Systems The Colony TX","650","Zultys Business Phone Systems Dallas Fort Worth","Organization, WebSite, BreadcrumbList, ProfessionalService, Service","Canonical points to /the-colony-tx-zultys-voip. Do not include in XML sitemap."
"/little-elm-tx-zultys-phone-systems","Live 200 OK (Canonical)","/little-elm-tx-zultys-phone-systems","Yes","Keep / Prerender Content","Zultys IP Phones","650","Zultys Business Phone Systems Dallas Fort Worth","Organization, WebSite, BreadcrumbList, ProfessionalService, Service","Prerender semantic HTML body with H1, text, breadcrumbs, and internal links."
"/little-elm","Live 200 OK (Non-Canonical Alternate)","/little-elm-tx-zultys-phone-systems","No","Keep Alternate / Map Canonical","Zultys Phone Systems Little Elm TX","650","Zultys Business Phone Systems Dallas Fort Worth","Organization, WebSite, BreadcrumbList, ProfessionalService, Service","Canonical points to /little-elm-tx-zultys-phone-systems. Do not include in XML sitemap."
"/wylie-tx-zultys-phone-systems","Live 200 OK (Canonical)","/wylie-tx-zultys-phone-systems","Yes","Keep / Prerender Content","Zultys IP Phones","650","Zultys Business Phone Systems Dallas Fort Worth","Organization, WebSite, BreadcrumbList, ProfessionalService, Service","Prerender semantic HTML body with H1, text, breadcrumbs, and internal links."
"/wylie","Live 200 OK (Non-Canonical Alternate)","/wylie-tx-zultys-phone-systems","No","Keep Alternate / Map Canonical","Zultys Phone Systems Wylie TX","650","Zultys Business Phone Systems Dallas Fort Worth","Organization, WebSite, BreadcrumbList, ProfessionalService, Service","Canonical points to /wylie-tx-zultys-phone-systems. Do not include in XML sitemap."
"/rockwall-tx-zultys-phone-systems","Live 200 OK (Canonical)","/rockwall-tx-zultys-phone-systems","Yes","Keep / Prerender Content","Zultys IP Phones","650","Zultys Business Phone Systems Dallas Fort Worth","Organization, WebSite, BreadcrumbList, ProfessionalService, Service","Prerender semantic HTML body with H1, text, breadcrumbs, and internal links."
"/rockwall","Live 200 OK (Non-Canonical Alternate)","/rockwall-tx-zultys-phone-systems","No","Keep Alternate / Map Canonical","Zultys Phone Systems Rockwall TX","650","Zultys Business Phone Systems Dallas Fort Worth","Organization, WebSite, BreadcrumbList, ProfessionalService, Service","Canonical points to /rockwall-tx-zultys-phone-systems. Do not include in XML sitemap."
"/forney-tx-zultys-phone-systems","Live 200 OK (Canonical)","/forney-tx-zultys-phone-systems","Yes","Keep / Prerender Content","Zultys IP Phones","650","Zultys Business Phone Systems Dallas Fort Worth","Organization, WebSite, BreadcrumbList, ProfessionalService, Service","Prerender semantic HTML body with H1, text, breadcrumbs, and internal links."
"/forney","Live 200 OK (Non-Canonical Alternate)","/forney-tx-zultys-phone-systems","No","Keep Alternate / Map Canonical","Zultys Phone Systems Forney TX","650","Zultys Business Phone Systems Dallas Fort Worth","Organization, WebSite, BreadcrumbList, ProfessionalService, Service","Canonical points to /forney-tx-zultys-phone-systems. Do not include in XML sitemap."
"/midlothian-tx-zultys-phone-systems","Live 200 OK (Canonical)","/midlothian-tx-zultys-phone-systems","Yes","Keep / Prerender Content","Zultys IP Phones","650","Zultys Business Phone Systems Dallas Fort Worth","Organization, WebSite, BreadcrumbList, ProfessionalService, Service","Prerender semantic HTML body with H1, text, breadcrumbs, and internal links."
"/midlothian","Live 200 OK (Non-Canonical Alternate)","/midlothian-tx-zultys-phone-systems","No","Keep Alternate / Map Canonical","Zultys Phone Systems Midlothian TX","650","Zultys Business Phone Systems Dallas Fort Worth","Organization, WebSite, BreadcrumbList, ProfessionalService, Service","Canonical points to /midlothian-tx-zultys-phone-systems. Do not include in XML sitemap."
"/waxahachie-tx-zultys-phone-systems","Live 200 OK (Canonical)","/waxahachie-tx-zultys-phone-systems","Yes","Keep / Prerender Content","Zultys IP Phones","650","Zultys Business Phone Systems Dallas Fort Worth","Organization, WebSite, BreadcrumbList, ProfessionalService, Service","Prerender semantic HTML body with H1, text, breadcrumbs, and internal links."
"/waxahachie","Live 200 OK (Non-Canonical Alternate)","/waxahachie-tx-zultys-phone-systems","No","Keep Alternate / Map Canonical","Zultys Phone Systems Waxahachie TX","650","Zultys Business Phone Systems Dallas Fort Worth","Organization, WebSite, BreadcrumbList, ProfessionalService, Service","Canonical points to /waxahachie-tx-zultys-phone-systems. Do not include in XML sitemap."
"/ennis-tx-zultys-phone-systems","Live 200 OK (Canonical)","/ennis-tx-zultys-phone-systems","Yes","Keep / Prerender Content","Zultys IP Phones","650","Zultys Business Phone Systems Dallas Fort Worth","Organization, WebSite, BreadcrumbList, ProfessionalService, Service","Prerender semantic HTML body with H1, text, breadcrumbs, and internal links."
"/ennis","Live 200 OK (Non-Canonical Alternate)","/ennis-tx-zultys-phone-systems","No","Keep Alternate / Map Canonical","Zultys Phone Systems Ennis TX","650","Zultys Business Phone Systems Dallas Fort Worth","Organization, WebSite, BreadcrumbList, ProfessionalService, Service","Canonical points to /ennis-tx-zultys-phone-systems. Do not include in XML sitemap."
"/cleburne-tx-zultys-phone-systems","Live 200 OK (Canonical)","/cleburne-tx-zultys-phone-systems","Yes","Keep / Prerender Content","Zultys IP Phones","650","Zultys Business Phone Systems Dallas Fort Worth","Organization, WebSite, BreadcrumbList, ProfessionalService, Service","Prerender semantic HTML body with H1, text, breadcrumbs, and internal links."
"/cleburne","Live 200 OK (Non-Canonical Alternate)","/cleburne-tx-zultys-phone-systems","No","Keep Alternate / Map Canonical","Zultys Phone Systems Cleburne TX","650","Zultys Business Phone Systems Dallas Fort Worth","Organization, WebSite, BreadcrumbList, ProfessionalService, Service","Canonical points to /cleburne-tx-zultys-phone-systems. Do not include in XML sitemap."
"/weatherford-tx-zultys-phone-systems","Live 200 OK (Canonical)","/weatherford-tx-zultys-phone-systems","Yes","Keep / Prerender Content","Zultys IP Phones","650","Zultys Business Phone Systems Dallas Fort Worth","Organization, WebSite, BreadcrumbList, ProfessionalService, Service","Prerender semantic HTML body with H1, text, breadcrumbs, and internal links."
"/weatherford","Live 200 OK (Non-Canonical Alternate)","/weatherford-tx-zultys-phone-systems","No","Keep Alternate / Map Canonical","Zultys Phone Systems Weatherford TX","650","Zultys Business Phone Systems Dallas Fort Worth","Organization, WebSite, BreadcrumbList, ProfessionalService, Service","Canonical points to /weatherford-tx-zultys-phone-systems. Do not include in XML sitemap."
"/burleson-tx-zultys-phone-systems","Live 200 OK (Canonical)","/burleson-tx-zultys-phone-systems","Yes","Keep / Prerender Content","Zultys IP Phones","650","Zultys Business Phone Systems Dallas Fort Worth","Organization, WebSite, BreadcrumbList, ProfessionalService, Service","Prerender semantic HTML body with H1, text, breadcrumbs, and internal links."
"/burleson","Live 200 OK (Non-Canonical Alternate)","/burleson-tx-zultys-phone-systems","No","Keep Alternate / Map Canonical","Zultys Phone Systems Burleson TX","650","Zultys Business Phone Systems Dallas Fort Worth","Organization, WebSite, BreadcrumbList, ProfessionalService, Service","Canonical points to /burleson-tx-zultys-phone-systems. Do not include in XML sitemap."
"/terrell-tx-zultys-phone-systems","Live 200 OK (Canonical)","/terrell-tx-zultys-phone-systems","Yes","Keep / Prerender Content","Zultys IP Phones","650","Zultys Business Phone Systems Dallas Fort Worth","Organization, WebSite, BreadcrumbList, ProfessionalService, Service","Prerender semantic HTML body with H1, text, breadcrumbs, and internal links."
"/terrell","Live 200 OK (Non-Canonical Alternate)","/terrell-tx-zultys-phone-systems","No","Keep Alternate / Map Canonical","Zultys Phone Systems Terrell TX","650","Zultys Business Phone Systems Dallas Fort Worth","Organization, WebSite, BreadcrumbList, ProfessionalService, Service","Canonical points to /terrell-tx-zultys-phone-systems. Do not include in XML sitemap."
"/prosper-tx-zultys-phone-systems","Live 200 OK (Canonical)","/prosper-tx-zultys-phone-systems","Yes","Keep / Prerender Content","Zultys IP Phones","650","Zultys Business Phone Systems Dallas Fort Worth","Organization, WebSite, BreadcrumbList, ProfessionalService, Service","Prerender semantic HTML body with H1, text, breadcrumbs, and internal links."
"/prosper","Live 200 OK (Non-Canonical Alternate)","/prosper-tx-zultys-phone-systems","No","Keep Alternate / Map Canonical","Zultys Phone Systems Prosper TX","650","Zultys Business Phone Systems Dallas Fort Worth","Organization, WebSite, BreadcrumbList, ProfessionalService, Service","Canonical points to /prosper-tx-zultys-phone-systems. Do not include in XML sitemap."
"/murphy-tx-zultys-voip","Live 200 OK (Canonical)","/murphy-tx-zultys-voip","Yes","Keep / Prerender Content","Zultys Phone Systems Murphy TX","650","Zultys Business Phone Systems Dallas Fort Worth","Organization, WebSite, BreadcrumbList, ProfessionalService, Service","Prerender semantic HTML body with H1, text, breadcrumbs, and internal links."
"/murphy","Live 200 OK (Non-Canonical Alternate)","/murphy-tx-zultys-voip","No","Keep Alternate / Map Canonical","Zultys Phone Systems Murphy TX","650","Zultys Business Phone Systems Dallas Fort Worth","Organization, WebSite, BreadcrumbList, ProfessionalService, Service","Canonical points to /murphy-tx-zultys-voip. Do not include in XML sitemap."
"/sachse-tx-zultys-dealer","Live 200 OK (Canonical)","/sachse-tx-zultys-dealer","Yes","Keep / Prerender Content","Zultys Phone Systems Sachse TX","650","Zultys Business Phone Systems Dallas Fort Worth","Organization, WebSite, BreadcrumbList, ProfessionalService, Service","Prerender semantic HTML body with H1, text, breadcrumbs, and internal links."
"/sachse","Live 200 OK (Non-Canonical Alternate)","/sachse-tx-zultys-dealer","No","Keep Alternate / Map Canonical","Zultys Phone Systems Sachse TX","650","Zultys Business Phone Systems Dallas Fort Worth","Organization, WebSite, BreadcrumbList, ProfessionalService, Service","Canonical points to /sachse-tx-zultys-dealer. Do not include in XML sitemap."
"/seagoville-tx-zultys-phone-systems","Live 200 OK (Canonical)","/seagoville-tx-zultys-phone-systems","Yes","Keep / Prerender Content","Zultys IP Phones","650","Zultys Business Phone Systems Dallas Fort Worth","Organization, WebSite, BreadcrumbList, ProfessionalService, Service","Prerender semantic HTML body with H1, text, breadcrumbs, and internal links."
"/seagoville","Live 200 OK (Non-Canonical Alternate)","/seagoville-tx-zultys-phone-systems","No","Keep Alternate / Map Canonical","Zultys Phone Systems Seagoville TX","650","Zultys Business Phone Systems Dallas Fort Worth","Organization, WebSite, BreadcrumbList, ProfessionalService, Service","Canonical points to /seagoville-tx-zultys-phone-systems. Do not include in XML sitemap."
"/balch-springs-tx-zultys-voip","Live 200 OK (Canonical)","/balch-springs-tx-zultys-voip","Yes","Keep / Prerender Content","Zultys Phone Systems Balch Springs TX","650","Zultys Business Phone Systems Dallas Fort Worth","Organization, WebSite, BreadcrumbList, ProfessionalService, Service","Prerender semantic HTML body with H1, text, breadcrumbs, and internal links."
"/balch-springs","Live 200 OK (Non-Canonical Alternate)","/balch-springs-tx-zultys-voip","No","Keep Alternate / Map Canonical","Zultys Phone Systems Balch Springs TX","650","Zultys Business Phone Systems Dallas Fort Worth","Organization, WebSite, BreadcrumbList, ProfessionalService, Service","Canonical points to /balch-springs-tx-zultys-voip. Do not include in XML sitemap."
"/celina-tx-zultys-phone-systems","Live 200 OK (Canonical)","/celina-tx-zultys-phone-systems","Yes","Keep / Prerender Content","Zultys IP Phones","650","Zultys Business Phone Systems Dallas Fort Worth","Organization, WebSite, BreadcrumbList, ProfessionalService, Service","Prerender semantic HTML body with H1, text, breadcrumbs, and internal links."
"/celina","Live 200 OK (Non-Canonical Alternate)","/celina-tx-zultys-phone-systems","No","Keep Alternate / Map Canonical","Zultys Phone Systems Celina TX","650","Zultys Business Phone Systems Dallas Fort Worth","Organization, WebSite, BreadcrumbList, ProfessionalService, Service","Canonical points to /celina-tx-zultys-phone-systems. Do not include in XML sitemap."
"/princeton-tx-zultys-phone-systems","Live 200 OK (Canonical)","/princeton-tx-zultys-phone-systems","Yes","Keep / Prerender Content","Zultys IP Phones","650","Zultys Business Phone Systems Dallas Fort Worth","Organization, WebSite, BreadcrumbList, ProfessionalService, Service","Prerender semantic HTML body with H1, text, breadcrumbs, and internal links."
"/princeton","Live 200 OK (Non-Canonical Alternate)","/princeton-tx-zultys-phone-systems","No","Keep Alternate / Map Canonical","Zultys Phone Systems Princeton TX","650","Zultys Business Phone Systems Dallas Fort Worth","Organization, WebSite, BreadcrumbList, ProfessionalService, Service","Canonical points to /princeton-tx-zultys-phone-systems. Do not include in XML sitemap."
"/anna-tx-zultys-phone-systems","Live 200 OK (Canonical)","/anna-tx-zultys-phone-systems","Yes","Keep / Prerender Content","Zultys IP Phones","650","Zultys Business Phone Systems Dallas Fort Worth","Organization, WebSite, BreadcrumbList, ProfessionalService, Service","Prerender semantic HTML body with H1, text, breadcrumbs, and internal links."
"/anna","Live 200 OK (Non-Canonical Alternate)","/anna-tx-zultys-phone-systems","No","Keep Alternate / Map Canonical","Zultys Phone Systems Anna TX","650","Zultys Business Phone Systems Dallas Fort Worth","Organization, WebSite, BreadcrumbList, ProfessionalService, Service","Canonical points to /anna-tx-zultys-phone-systems. Do not include in XML sitemap."
"/melissa-tx-zultys-phone-systems","Live 200 OK (Canonical)","/melissa-tx-zultys-phone-systems","Yes","Keep / Prerender Content","Zultys IP Phones","650","Zultys Business Phone Systems Dallas Fort Worth","Organization, WebSite, BreadcrumbList, ProfessionalService, Service","Prerender semantic HTML body with H1, text, breadcrumbs, and internal links."
"/melissa","Live 200 OK (Non-Canonical Alternate)","/melissa-tx-zultys-phone-systems","No","Keep Alternate / Map Canonical","Zultys Phone Systems Melissa TX","650","Zultys Business Phone Systems Dallas Fort Worth","Organization, WebSite, BreadcrumbList, ProfessionalService, Service","Canonical points to /melissa-tx-zultys-phone-systems. Do not include in XML sitemap."
"/royse-city-tx-zultys-phone-systems","Live 200 OK (Canonical)","/royse-city-tx-zultys-phone-systems","Yes","Keep / Prerender Content","Zultys IP Phones","650","Zultys Business Phone Systems Dallas Fort Worth","Organization, WebSite, BreadcrumbList, ProfessionalService, Service","Prerender semantic HTML body with H1, text, breadcrumbs, and internal links."
"/royse-city","Live 200 OK (Non-Canonical Alternate)","/royse-city-tx-zultys-phone-systems","No","Keep Alternate / Map Canonical","Zultys Phone Systems Royse City TX","650","Zultys Business Phone Systems Dallas Fort Worth","Organization, WebSite, BreadcrumbList, ProfessionalService, Service","Canonical points to /royse-city-tx-zultys-phone-systems. Do not include in XML sitemap."
"/fate-tx-zultys-phone-systems","Live 200 OK (Canonical)","/fate-tx-zultys-phone-systems","Yes","Keep / Prerender Content","Zultys IP Phones","650","Zultys Business Phone Systems Dallas Fort Worth","Organization, WebSite, BreadcrumbList, ProfessionalService, Service","Prerender semantic HTML body with H1, text, breadcrumbs, and internal links."
"/fate","Live 200 OK (Non-Canonical Alternate)","/fate-tx-zultys-phone-systems","No","Keep Alternate / Map Canonical","Zultys Phone Systems Fate TX","650","Zultys Business Phone Systems Dallas Fort Worth","Organization, WebSite, BreadcrumbList, ProfessionalService, Service","Canonical points to /fate-tx-zultys-phone-systems. Do not include in XML sitemap."
"/heath-tx-zultys-phone-systems","Live 200 OK (Canonical)","/heath-tx-zultys-phone-systems","Yes","Keep / Prerender Content","Zultys IP Phones","650","Zultys Business Phone Systems Dallas Fort Worth","Organization, WebSite, BreadcrumbList, ProfessionalService, Service","Prerender semantic HTML body with H1, text, breadcrumbs, and internal links."
"/heath","Live 200 OK (Non-Canonical Alternate)","/heath-tx-zultys-phone-systems","No","Keep Alternate / Map Canonical","Zultys Phone Systems Heath TX","650","Zultys Business Phone Systems Dallas Fort Worth","Organization, WebSite, BreadcrumbList, ProfessionalService, Service","Canonical points to /heath-tx-zultys-phone-systems. Do not include in XML sitemap."
"/sunnyvale-tx-zultys-phone-systems","Live 200 OK (Canonical)","/sunnyvale-tx-zultys-phone-systems","Yes","Keep / Prerender Content","Zultys IP Phones","650","Zultys Business Phone Systems Dallas Fort Worth","Organization, WebSite, BreadcrumbList, ProfessionalService, Service","Prerender semantic HTML body with H1, text, breadcrumbs, and internal links."
"/sunnyvale","Live 200 OK (Non-Canonical Alternate)","/sunnyvale-tx-zultys-phone-systems","No","Keep Alternate / Map Canonical","Zultys Phone Systems Sunnyvale TX","650","Zultys Business Phone Systems Dallas Fort Worth","Organization, WebSite, BreadcrumbList, ProfessionalService, Service","Canonical points to /sunnyvale-tx-zultys-phone-systems. Do not include in XML sitemap."
"/crandall-tx-zultys-phone-systems","Live 200 OK (Canonical)","/crandall-tx-zultys-phone-systems","Yes","Keep / Prerender Content","Zultys IP Phones","650","Zultys Business Phone Systems Dallas Fort Worth","Organization, WebSite, BreadcrumbList, ProfessionalService, Service","Prerender semantic HTML body with H1, text, breadcrumbs, and internal links."
"/crandall","Live 200 OK (Non-Canonical Alternate)","/crandall-tx-zultys-phone-systems","No","Keep Alternate / Map Canonical","Zultys Phone Systems Crandall TX","650","Zultys Business Phone Systems Dallas Fort Worth","Organization, WebSite, BreadcrumbList, ProfessionalService, Service","Canonical points to /crandall-tx-zultys-phone-systems. Do not include in XML sitemap."
"/lavon-tx-zultys-phone-systems","Live 200 OK (Canonical)","/lavon-tx-zultys-phone-systems","Yes","Keep / Prerender Content","Zultys IP Phones","650","Zultys Business Phone Systems Dallas Fort Worth","Organization, WebSite, BreadcrumbList, ProfessionalService, Service","Prerender semantic HTML body with H1, text, breadcrumbs, and internal links."
"/lavon","Live 200 OK (Non-Canonical Alternate)","/lavon-tx-zultys-phone-systems","No","Keep Alternate / Map Canonical","Zultys Phone Systems Lavon TX","650","Zultys Business Phone Systems Dallas Fort Worth","Organization, WebSite, BreadcrumbList, ProfessionalService, Service","Canonical points to /lavon-tx-zultys-phone-systems. Do not include in XML sitemap."
"/red-oak-tx-zultys-phone-systems","Live 200 OK (Canonical)","/red-oak-tx-zultys-phone-systems","Yes","Keep / Prerender Content","Zultys IP Phones","650","Zultys Business Phone Systems Dallas Fort Worth","Organization, WebSite, BreadcrumbList, ProfessionalService, Service","Prerender semantic HTML body with H1, text, breadcrumbs, and internal links."
"/red-oak","Live 200 OK (Non-Canonical Alternate)","/red-oak-tx-zultys-phone-systems","No","Keep Alternate / Map Canonical","Zultys Phone Systems Red Oak TX","650","Zultys Business Phone Systems Dallas Fort Worth","Organization, WebSite, BreadcrumbList, ProfessionalService, Service","Canonical points to /red-oak-tx-zultys-phone-systems. Do not include in XML sitemap."
"/ovilla-tx-zultys-phone-systems","Live 200 OK (Canonical)","/ovilla-tx-zultys-phone-systems","Yes","Keep / Prerender Content","Zultys IP Phones","650","Zultys Business Phone Systems Dallas Fort Worth","Organization, WebSite, BreadcrumbList, ProfessionalService, Service","Prerender semantic HTML body with H1, text, breadcrumbs, and internal links."
"/ovilla","Live 200 OK (Non-Canonical Alternate)","/ovilla-tx-zultys-phone-systems","No","Keep Alternate / Map Canonical","Zultys Phone Systems Ovilla TX","650","Zultys Business Phone Systems Dallas Fort Worth","Organization, WebSite, BreadcrumbList, ProfessionalService, Service","Canonical points to /ovilla-tx-zultys-phone-systems. Do not include in XML sitemap."
"/glenn-heights-tx-zultys-phone-systems","Live 200 OK (Canonical)","/glenn-heights-tx-zultys-phone-systems","Yes","Keep / Prerender Content","Zultys IP Phones","650","Zultys Business Phone Systems Dallas Fort Worth","Organization, WebSite, BreadcrumbList, ProfessionalService, Service","Prerender semantic HTML body with H1, text, breadcrumbs, and internal links."
"/glenn-heights","Live 200 OK (Non-Canonical Alternate)","/glenn-heights-tx-zultys-phone-systems","No","Keep Alternate / Map Canonical","Zultys Phone Systems Glenn Heights TX","650","Zultys Business Phone Systems Dallas Fort Worth","Organization, WebSite, BreadcrumbList, ProfessionalService, Service","Canonical points to /glenn-heights-tx-zultys-phone-systems. Do not include in XML sitemap."
"/hutchins-tx-zultys-phone-systems","Live 200 OK (Canonical)","/hutchins-tx-zultys-phone-systems","Yes","Keep / Prerender Content","Zultys IP Phones","650","Zultys Business Phone Systems Dallas Fort Worth","Organization, WebSite, BreadcrumbList, ProfessionalService, Service","Prerender semantic HTML body with H1, text, breadcrumbs, and internal links."
"/hutchins","Live 200 OK (Non-Canonical Alternate)","/hutchins-tx-zultys-phone-systems","No","Keep Alternate / Map Canonical","Zultys Phone Systems Hutchins TX","650","Zultys Business Phone Systems Dallas Fort Worth","Organization, WebSite, BreadcrumbList, ProfessionalService, Service","Canonical points to /hutchins-tx-zultys-phone-systems. Do not include in XML sitemap."
"/wilmer-tx-zultys-phone-systems","Live 200 OK (Canonical)","/wilmer-tx-zultys-phone-systems","Yes","Keep / Prerender Content","Zultys IP Phones","650","Zultys Business Phone Systems Dallas Fort Worth","Organization, WebSite, BreadcrumbList, ProfessionalService, Service","Prerender semantic HTML body with H1, text, breadcrumbs, and internal links."
"/wilmer","Live 200 OK (Non-Canonical Alternate)","/wilmer-tx-zultys-phone-systems","No","Keep Alternate / Map Canonical","Zultys Phone Systems Wilmer TX","650","Zultys Business Phone Systems Dallas Fort Worth","Organization, WebSite, BreadcrumbList, ProfessionalService, Service","Canonical points to /wilmer-tx-zultys-phone-systems. Do not include in XML sitemap."
"/kaufman-tx-zultys-phone-systems","Live 200 OK (Canonical)","/kaufman-tx-zultys-phone-systems","Yes","Keep / Prerender Content","Zultys IP Phones","650","Zultys Business Phone Systems Dallas Fort Worth","Organization, WebSite, BreadcrumbList, ProfessionalService, Service","Prerender semantic HTML body with H1, text, breadcrumbs, and internal links."
"/kaufman","Live 200 OK (Non-Canonical Alternate)","/kaufman-tx-zultys-phone-systems","No","Keep Alternate / Map Canonical","Zultys Phone Systems Kaufman TX","650","Zultys Business Phone Systems Dallas Fort Worth","Organization, WebSite, BreadcrumbList, ProfessionalService, Service","Canonical points to /kaufman-tx-zultys-phone-systems. Do not include in XML sitemap."
"/pilot-point-tx-zultys-phone-systems","Live 200 OK (Canonical)","/pilot-point-tx-zultys-phone-systems","Yes","Keep / Prerender Content","Zultys IP Phones","650","Zultys Business Phone Systems Dallas Fort Worth","Organization, WebSite, BreadcrumbList, ProfessionalService, Service","Prerender semantic HTML body with H1, text, breadcrumbs, and internal links."
"/pilot-point","Live 200 OK (Non-Canonical Alternate)","/pilot-point-tx-zultys-phone-systems","No","Keep Alternate / Map Canonical","Zultys Phone Systems Pilot Point TX","650","Zultys Business Phone Systems Dallas Fort Worth","Organization, WebSite, BreadcrumbList, ProfessionalService, Service","Canonical points to /pilot-point-tx-zultys-phone-systems. Do not include in XML sitemap."
"/sanger-tx-zultys-phone-systems","Live 200 OK (Canonical)","/sanger-tx-zultys-phone-systems","Yes","Keep / Prerender Content","Zultys IP Phones","650","Zultys Business Phone Systems Dallas Fort Worth","Organization, WebSite, BreadcrumbList, ProfessionalService, Service","Prerender semantic HTML body with H1, text, breadcrumbs, and internal links."
"/sanger","Live 200 OK (Non-Canonical Alternate)","/sanger-tx-zultys-phone-systems","No","Keep Alternate / Map Canonical","Zultys Phone Systems Sanger TX","650","Zultys Business Phone Systems Dallas Fort Worth","Organization, WebSite, BreadcrumbList, ProfessionalService, Service","Canonical points to /sanger-tx-zultys-phone-systems. Do not include in XML sitemap."
"/aubrey-tx-zultys-phone-systems","Live 200 OK (Canonical)","/aubrey-tx-zultys-phone-systems","Yes","Keep / Prerender Content","Zultys IP Phones","650","Zultys Business Phone Systems Dallas Fort Worth","Organization, WebSite, BreadcrumbList, ProfessionalService, Service","Prerender semantic HTML body with H1, text, breadcrumbs, and internal links."
"/aubrey","Live 200 OK (Non-Canonical Alternate)","/aubrey-tx-zultys-phone-systems","No","Keep Alternate / Map Canonical","Zultys Phone Systems Aubrey TX","650","Zultys Business Phone Systems Dallas Fort Worth","Organization, WebSite, BreadcrumbList, ProfessionalService, Service","Canonical points to /aubrey-tx-zultys-phone-systems. Do not include in XML sitemap."
"/alvarado-tx-zultys-phone-systems","Live 200 OK (Canonical)","/alvarado-tx-zultys-phone-systems","Yes","Keep / Prerender Content","Zultys IP Phones","650","Zultys Business Phone Systems Dallas Fort Worth","Organization, WebSite, BreadcrumbList, ProfessionalService, Service","Prerender semantic HTML body with H1, text, breadcrumbs, and internal links."
"/alvarado","Live 200 OK (Non-Canonical Alternate)","/alvarado-tx-zultys-phone-systems","No","Keep Alternate / Map Canonical","Zultys Phone Systems Alvarado TX","650","Zultys Business Phone Systems Dallas Fort Worth","Organization, WebSite, BreadcrumbList, ProfessionalService, Service","Canonical points to /alvarado-tx-zultys-phone-systems. Do not include in XML sitemap."
"/decatur-tx-zultys-phone-systems","Live 200 OK (Canonical)","/decatur-tx-zultys-phone-systems","Yes","Keep / Prerender Content","Zultys IP Phones","650","Zultys Business Phone Systems Dallas Fort Worth","Organization, WebSite, BreadcrumbList, ProfessionalService, Service","Prerender semantic HTML body with H1, text, breadcrumbs, and internal links."
"/decatur","Live 200 OK (Non-Canonical Alternate)","/decatur-tx-zultys-phone-systems","No","Keep Alternate / Map Canonical","Zultys Phone Systems Decatur TX","650","Zultys Business Phone Systems Dallas Fort Worth","Organization, WebSite, BreadcrumbList, ProfessionalService, Service","Canonical points to /decatur-tx-zultys-phone-systems. Do not include in XML sitemap."
"/bridgeport-tx-zultys-phone-systems","Live 200 OK (Canonical)","/bridgeport-tx-zultys-phone-systems","Yes","Keep / Prerender Content","Zultys IP Phones","650","Zultys Business Phone Systems Dallas Fort Worth","Organization, WebSite, BreadcrumbList, ProfessionalService, Service","Prerender semantic HTML body with H1, text, breadcrumbs, and internal links."
"/bridgeport","Live 200 OK (Non-Canonical Alternate)","/bridgeport-tx-zultys-phone-systems","No","Keep Alternate / Map Canonical","Zultys Phone Systems Bridgeport TX","650","Zultys Business Phone Systems Dallas Fort Worth","Organization, WebSite, BreadcrumbList, ProfessionalService, Service","Canonical points to /bridgeport-tx-zultys-phone-systems. Do not include in XML sitemap."
"/justin-tx-zultys-phone-systems","Live 200 OK (Canonical)","/justin-tx-zultys-phone-systems","Yes","Keep / Prerender Content","Zultys IP Phones","650","Zultys Business Phone Systems Dallas Fort Worth","Organization, WebSite, BreadcrumbList, ProfessionalService, Service","Prerender semantic HTML body with H1, text, breadcrumbs, and internal links."
"/justin","Live 200 OK (Non-Canonical Alternate)","/justin-tx-zultys-phone-systems","No","Keep Alternate / Map Canonical","Zultys Phone Systems Justin TX","650","Zultys Business Phone Systems Dallas Fort Worth","Organization, WebSite, BreadcrumbList, ProfessionalService, Service","Canonical points to /justin-tx-zultys-phone-systems. Do not include in XML sitemap."
"/krum-tx-zultys-phone-systems","Live 200 OK (Canonical)","/krum-tx-zultys-phone-systems","Yes","Keep / Prerender Content","Zultys IP Phones","650","Zultys Business Phone Systems Dallas Fort Worth","Organization, WebSite, BreadcrumbList, ProfessionalService, Service","Prerender semantic HTML body with H1, text, breadcrumbs, and internal links."
"/krum","Live 200 OK (Non-Canonical Alternate)","/krum-tx-zultys-phone-systems","No","Keep Alternate / Map Canonical","Zultys Phone Systems Krum TX","650","Zultys Business Phone Systems Dallas Fort Worth","Organization, WebSite, BreadcrumbList, ProfessionalService, Service","Canonical points to /krum-tx-zultys-phone-systems. Do not include in XML sitemap."
"/ponder-tx-zultys-phone-systems","Live 200 OK (Canonical)","/ponder-tx-zultys-phone-systems","Yes","Keep / Prerender Content","Zultys IP Phones","650","Zultys Business Phone Systems Dallas Fort Worth","Organization, WebSite, BreadcrumbList, ProfessionalService, Service","Prerender semantic HTML body with H1, text, breadcrumbs, and internal links."
"/ponder","Live 200 OK (Non-Canonical Alternate)","/ponder-tx-zultys-phone-systems","No","Keep Alternate / Map Canonical","Zultys Phone Systems Ponder TX","650","Zultys Business Phone Systems Dallas Fort Worth","Organization, WebSite, BreadcrumbList, ProfessionalService, Service","Canonical points to /ponder-tx-zultys-phone-systems. Do not include in XML sitemap."
"/trophy-club-tx-zultys-phone-systems","Live 200 OK (Canonical)","/trophy-club-tx-zultys-phone-systems","Yes","Keep / Prerender Content","Zultys IP Phones","650","Zultys Business Phone Systems Dallas Fort Worth","Organization, WebSite, BreadcrumbList, ProfessionalService, Service","Prerender semantic HTML body with H1, text, breadcrumbs, and internal links."
"/trophy-club","Live 200 OK (Non-Canonical Alternate)","/trophy-club-tx-zultys-phone-systems","No","Keep Alternate / Map Canonical","Zultys Phone Systems Trophy Club TX","650","Zultys Business Phone Systems Dallas Fort Worth","Organization, WebSite, BreadcrumbList, ProfessionalService, Service","Canonical points to /trophy-club-tx-zultys-phone-systems. Do not include in XML sitemap."
"/roanoke-tx-zultys-phone-systems","Live 200 OK (Canonical)","/roanoke-tx-zultys-phone-systems","Yes","Keep / Prerender Content","Zultys IP Phones","650","Zultys Business Phone Systems Dallas Fort Worth","Organization, WebSite, BreadcrumbList, ProfessionalService, Service","Prerender semantic HTML body with H1, text, breadcrumbs, and internal links."
"/roanoke","Live 200 OK (Non-Canonical Alternate)","/roanoke-tx-zultys-phone-systems","No","Keep Alternate / Map Canonical","Zultys Phone Systems Roanoke TX","650","Zultys Business Phone Systems Dallas Fort Worth","Organization, WebSite, BreadcrumbList, ProfessionalService, Service","Canonical points to /roanoke-tx-zultys-phone-systems. Do not include in XML sitemap."
"/argyle-tx-zultys-phone-systems","Live 200 OK (Canonical)","/argyle-tx-zultys-phone-systems","Yes","Keep / Prerender Content","Zultys IP Phones","650","Zultys Business Phone Systems Dallas Fort Worth","Organization, WebSite, BreadcrumbList, ProfessionalService, Service","Prerender semantic HTML body with H1, text, breadcrumbs, and internal links."
"/argyle","Live 200 OK (Non-Canonical Alternate)","/argyle-tx-zultys-phone-systems","No","Keep Alternate / Map Canonical","Zultys Phone Systems Argyle TX","650","Zultys Business Phone Systems Dallas Fort Worth","Organization, WebSite, BreadcrumbList, ProfessionalService, Service","Canonical points to /argyle-tx-zultys-phone-systems. Do not include in XML sitemap."
"/kennedale-tx-zultys-phone-systems","Live 200 OK (Canonical)","/kennedale-tx-zultys-phone-systems","Yes","Keep / Prerender Content","Zultys IP Phones","650","Zultys Business Phone Systems Dallas Fort Worth","Organization, WebSite, BreadcrumbList, ProfessionalService, Service","Prerender semantic HTML body with H1, text, breadcrumbs, and internal links."
"/kennedale","Live 200 OK (Non-Canonical Alternate)","/kennedale-tx-zultys-phone-systems","No","Keep Alternate / Map Canonical","Zultys Phone Systems Kennedale TX","650","Zultys Business Phone Systems Dallas Fort Worth","Organization, WebSite, BreadcrumbList, ProfessionalService, Service","Canonical points to /kennedale-tx-zultys-phone-systems. Do not include in XML sitemap."
"/forest-hill-tx-zultys-phone-systems","Live 200 OK (Canonical)","/forest-hill-tx-zultys-phone-systems","Yes","Keep / Prerender Content","Zultys IP Phones","650","Zultys Business Phone Systems Dallas Fort Worth","Organization, WebSite, BreadcrumbList, ProfessionalService, Service","Prerender semantic HTML body with H1, text, breadcrumbs, and internal links."
"/forest-hill","Live 200 OK (Non-Canonical Alternate)","/forest-hill-tx-zultys-phone-systems","No","Keep Alternate / Map Canonical","Zultys Phone Systems Forest Hill TX","650","Zultys Business Phone Systems Dallas Fort Worth","Organization, WebSite, BreadcrumbList, ProfessionalService, Service","Canonical points to /forest-hill-tx-zultys-phone-systems. Do not include in XML sitemap."
"/azle-tx-zultys-phone-systems","Live 200 OK (Canonical)","/azle-tx-zultys-phone-systems","Yes","Keep / Prerender Content","Zultys IP Phones","650","Zultys Business Phone Systems Dallas Fort Worth","Organization, WebSite, BreadcrumbList, ProfessionalService, Service","Prerender semantic HTML body with H1, text, breadcrumbs, and internal links."
"/azle","Live 200 OK (Non-Canonical Alternate)","/azle-tx-zultys-phone-systems","No","Keep Alternate / Map Canonical","Zultys Phone Systems Azle TX","650","Zultys Business Phone Systems Dallas Fort Worth","Organization, WebSite, BreadcrumbList, ProfessionalService, Service","Canonical points to /azle-tx-zultys-phone-systems. Do not include in XML sitemap."
"/bartonville-tx-zultys-phone-systems","Live 200 OK (Canonical)","/bartonville-tx-zultys-phone-systems","Yes","Keep / Prerender Content","Zultys IP Phones","650","Zultys Business Phone Systems Dallas Fort Worth","Organization, WebSite, BreadcrumbList, ProfessionalService, Service","Prerender semantic HTML body with H1, text, breadcrumbs, and internal links."
"/bartonville","Live 200 OK (Non-Canonical Alternate)","/bartonville-tx-zultys-phone-systems","No","Keep Alternate / Map Canonical","Zultys Phone Systems Bartonville TX","650","Zultys Business Phone Systems Dallas Fort Worth","Organization, WebSite, BreadcrumbList, ProfessionalService, Service","Canonical points to /bartonville-tx-zultys-phone-systems. Do not include in XML sitemap."
"/bowie-tx-zultys-phone-systems","Live 200 OK (Canonical)","/bowie-tx-zultys-phone-systems","Yes","Keep / Prerender Content","Zultys IP Phones","650","Zultys Business Phone Systems Dallas Fort Worth","Organization, WebSite, BreadcrumbList, ProfessionalService, Service","Prerender semantic HTML body with H1, text, breadcrumbs, and internal links."
"/bowie","Live 200 OK (Non-Canonical Alternate)","/bowie-tx-zultys-phone-systems","No","Keep Alternate / Map Canonical","Zultys Phone Systems Bowie TX","650","Zultys Business Phone Systems Dallas Fort Worth","Organization, WebSite, BreadcrumbList, ProfessionalService, Service","Canonical points to /bowie-tx-zultys-phone-systems. Do not include in XML sitemap."
"/boyd-tx-zultys-phone-systems","Live 200 OK (Canonical)","/boyd-tx-zultys-phone-systems","Yes","Keep / Prerender Content","Zultys IP Phones","650","Zultys Business Phone Systems Dallas Fort Worth","Organization, WebSite, BreadcrumbList, ProfessionalService, Service","Prerender semantic HTML body with H1, text, breadcrumbs, and internal links."
"/boyd","Live 200 OK (Non-Canonical Alternate)","/boyd-tx-zultys-phone-systems","No","Keep Alternate / Map Canonical","Zultys Phone Systems Boyd TX","650","Zultys Business Phone Systems Dallas Fort Worth","Organization, WebSite, BreadcrumbList, ProfessionalService, Service","Canonical points to /boyd-tx-zultys-phone-systems. Do not include in XML sitemap."
"/brock-tx-zultys-phone-systems","Live 200 OK (Canonical)","/brock-tx-zultys-phone-systems","Yes","Keep / Prerender Content","Zultys IP Phones","650","Zultys Business Phone Systems Dallas Fort Worth","Organization, WebSite, BreadcrumbList, ProfessionalService, Service","Prerender semantic HTML body with H1, text, breadcrumbs, and internal links."
"/brock","Live 200 OK (Non-Canonical Alternate)","/brock-tx-zultys-phone-systems","No","Keep Alternate / Map Canonical","Zultys Phone Systems Brock TX","650","Zultys Business Phone Systems Dallas Fort Worth","Organization, WebSite, BreadcrumbList, ProfessionalService, Service","Canonical points to /brock-tx-zultys-phone-systems. Do not include in XML sitemap."
"/crowley-tx-zultys-phone-systems","Live 200 OK (Canonical)","/crowley-tx-zultys-phone-systems","Yes","Keep / Prerender Content","Zultys IP Phones","650","Zultys Business Phone Systems Dallas Fort Worth","Organization, WebSite, BreadcrumbList, ProfessionalService, Service","Prerender semantic HTML body with H1, text, breadcrumbs, and internal links."
"/crowley","Live 200 OK (Non-Canonical Alternate)","/crowley-tx-zultys-phone-systems","No","Keep Alternate / Map Canonical","Zultys Phone Systems Crowley TX","650","Zultys Business Phone Systems Dallas Fort Worth","Organization, WebSite, BreadcrumbList, ProfessionalService, Service","Canonical points to /crowley-tx-zultys-phone-systems. Do not include in XML sitemap."
"/haslet-tx-zultys-phone-systems","Live 200 OK (Canonical)","/haslet-tx-zultys-phone-systems","Yes","Keep / Prerender Content","Zultys IP Phones","650","Zultys Business Phone Systems Dallas Fort Worth","Organization, WebSite, BreadcrumbList, ProfessionalService, Service","Prerender semantic HTML body with H1, text, breadcrumbs, and internal links."
"/haslet","Live 200 OK (Non-Canonical Alternate)","/haslet-tx-zultys-phone-systems","No","Keep Alternate / Map Canonical","Zultys Phone Systems Haslet TX","650","Zultys Business Phone Systems Dallas Fort Worth","Organization, WebSite, BreadcrumbList, ProfessionalService, Service","Canonical points to /haslet-tx-zultys-phone-systems. Do not include in XML sitemap."
"/joshua-tx-zultys-phone-systems","Live 200 OK (Canonical)","/joshua-tx-zultys-phone-systems","Yes","Keep / Prerender Content","Zultys IP Phones","650","Zultys Business Phone Systems Dallas Fort Worth","Organization, WebSite, BreadcrumbList, ProfessionalService, Service","Prerender semantic HTML body with H1, text, breadcrumbs, and internal links."
"/joshua","Live 200 OK (Non-Canonical Alternate)","/joshua-tx-zultys-phone-systems","No","Keep Alternate / Map Canonical","Zultys Phone Systems Joshua TX","650","Zultys Business Phone Systems Dallas Fort Worth","Organization, WebSite, BreadcrumbList, ProfessionalService, Service","Canonical points to /joshua-tx-zultys-phone-systems. Do not include in XML sitemap."
"/lake-worth-tx-zultys-phone-systems","Live 200 OK (Canonical)","/lake-worth-tx-zultys-phone-systems","Yes","Keep / Prerender Content","Zultys IP Phones","650","Zultys Business Phone Systems Dallas Fort Worth","Organization, WebSite, BreadcrumbList, ProfessionalService, Service","Prerender semantic HTML body with H1, text, breadcrumbs, and internal links."
"/lake-worth","Live 200 OK (Non-Canonical Alternate)","/lake-worth-tx-zultys-phone-systems","No","Keep Alternate / Map Canonical","Zultys Phone Systems Lake Worth TX","650","Zultys Business Phone Systems Dallas Fort Worth","Organization, WebSite, BreadcrumbList, ProfessionalService, Service","Canonical points to /lake-worth-tx-zultys-phone-systems. Do not include in XML sitemap."
"/lakeside-tx-zultys-phone-systems","Live 200 OK (Canonical)","/lakeside-tx-zultys-phone-systems","Yes","Keep / Prerender Content","Zultys IP Phones","650","Zultys Business Phone Systems Dallas Fort Worth","Organization, WebSite, BreadcrumbList, ProfessionalService, Service","Prerender semantic HTML body with H1, text, breadcrumbs, and internal links."
"/lakeside","Live 200 OK (Non-Canonical Alternate)","/lakeside-tx-zultys-phone-systems","No","Keep Alternate / Map Canonical","Zultys Phone Systems Lakeside TX","650","Zultys Business Phone Systems Dallas Fort Worth","Organization, WebSite, BreadcrumbList, ProfessionalService, Service","Canonical points to /lakeside-tx-zultys-phone-systems. Do not include in XML sitemap."
"/arlington-ip-pbx","Live 200 OK (Canonical)","/arlington-ip-pbx","Yes","Keep / Prerender Content","Zultys Phone Systems Arlington TX","650","Zultys Business Phone Systems Dallas Fort Worth","Organization, WebSite, BreadcrumbList, ProfessionalService, Service","Prerender semantic HTML body with H1, text, breadcrumbs, and internal links."
"/arlington","Live 200 OK (Non-Canonical Alternate)","/arlington-ip-pbx","No","Keep Alternate / Map Canonical","Zultys Phone Systems Arlington TX","650","Zultys Business Phone Systems Dallas Fort Worth","Organization, WebSite, BreadcrumbList, ProfessionalService, Service","Canonical points to /arlington-ip-pbx. Do not include in XML sitemap."
"/plano-zultys-dealer","Live 200 OK (Canonical)","/plano-zultys-dealer","Yes","Keep / Prerender Content","Zultys Phone Systems Plano TX","650","Zultys Business Phone Systems Dallas Fort Worth","Organization, WebSite, BreadcrumbList, ProfessionalService, Service","Prerender semantic HTML body with H1, text, breadcrumbs, and internal links."
"/plano","Live 200 OK (Non-Canonical Alternate)","/plano-zultys-dealer","No","Keep Alternate / Map Canonical","Zultys Phone Systems Plano TX","650","Zultys Business Phone Systems Dallas Fort Worth","Organization, WebSite, BreadcrumbList, ProfessionalService, Service","Canonical points to /plano-zultys-dealer. Do not include in XML sitemap."
"/irving-business-phone-systems","Live 200 OK (Canonical)","/irving-business-phone-systems","Yes","Keep / Prerender Content","Zultys IP Phones","650","Zultys Business Phone Systems Dallas Fort Worth","Organization, WebSite, BreadcrumbList, ProfessionalService, Service","Prerender semantic HTML body with H1, text, breadcrumbs, and internal links."
"/irving","Live 200 OK (Non-Canonical Alternate)","/irving-business-phone-systems","No","Keep Alternate / Map Canonical","Zultys Phone Systems Irving TX","650","Zultys Business Phone Systems Dallas Fort Worth","Organization, WebSite, BreadcrumbList, ProfessionalService, Service","Canonical points to /irving-business-phone-systems. Do not include in XML sitemap."
"/frisco-voip-solutions","Live 200 OK (Canonical)","/frisco-voip-solutions","Yes","Keep / Prerender Content","Zultys VoIP for Businesses","650","Zultys Business Phone Systems Dallas Fort Worth","Organization, WebSite, BreadcrumbList, ProfessionalService, Service","Prerender semantic HTML body with H1, text, breadcrumbs, and internal links."
"/frisco","Live 200 OK (Non-Canonical Alternate)","/frisco-voip-solutions","No","Keep Alternate / Map Canonical","Zultys Phone Systems Frisco TX","650","Zultys Business Phone Systems Dallas Fort Worth","Organization, WebSite, BreadcrumbList, ProfessionalService, Service","Canonical points to /frisco-voip-solutions. Do not include in XML sitemap."
"/grand-prairie-zultys","Live 200 OK (Canonical)","/grand-prairie-zultys","Yes","Keep / Prerender Content","Zultys Phone Systems Grand Prairie TX","650","Zultys Business Phone Systems Dallas Fort Worth","Organization, WebSite, BreadcrumbList, ProfessionalService, Service","Prerender semantic HTML body with H1, text, breadcrumbs, and internal links."
"/grand-prairie","Live 200 OK (Non-Canonical Alternate)","/grand-prairie-zultys","No","Keep Alternate / Map Canonical","Zultys Phone Systems Grand Prairie TX","650","Zultys Business Phone Systems Dallas Fort Worth","Organization, WebSite, BreadcrumbList, ProfessionalService, Service","Canonical points to /grand-prairie-zultys. Do not include in XML sitemap."
"/southlake-ip-phones","Live 200 OK (Canonical)","/southlake-ip-phones","Yes","Keep / Prerender Content","Zultys IP Phones","650","Zultys Business Phone Systems Dallas Fort Worth","Organization, WebSite, BreadcrumbList, ProfessionalService, Service","Prerender semantic HTML body with H1, text, breadcrumbs, and internal links."
"/southlake","Live 200 OK (Non-Canonical Alternate)","/southlake-ip-phones","No","Keep Alternate / Map Canonical","Zultys Phone Systems Southlake TX","650","Zultys Business Phone Systems Dallas Fort Worth","Organization, WebSite, BreadcrumbList, ProfessionalService, Service","Canonical points to /southlake-ip-phones. Do not include in XML sitemap."
"/grapevine-business-voip","Live 200 OK (Canonical)","/grapevine-business-voip","Yes","Keep / Prerender Content","Zultys Phone Systems Grapevine TX","650","Zultys Business Phone Systems Dallas Fort Worth","Organization, WebSite, BreadcrumbList, ProfessionalService, Service","Prerender semantic HTML body with H1, text, breadcrumbs, and internal links."
"/grapevine","Live 200 OK (Non-Canonical Alternate)","/grapevine-business-voip","No","Keep Alternate / Map Canonical","Zultys Phone Systems Grapevine TX","650","Zultys Business Phone Systems Dallas Fort Worth","Organization, WebSite, BreadcrumbList, ProfessionalService, Service","Canonical points to /grapevine-business-voip. Do not include in XML sitemap."
"/carrollton-zultys","Live 200 OK (Canonical)","/carrollton-zultys","Yes","Keep / Prerender Content","Zultys Phone Systems Carrollton TX","650","Zultys Business Phone Systems Dallas Fort Worth","Organization, WebSite, BreadcrumbList, ProfessionalService, Service","Prerender semantic HTML body with H1, text, breadcrumbs, and internal links."
"/carrollton","Live 200 OK (Non-Canonical Alternate)","/carrollton-zultys","No","Keep Alternate / Map Canonical","Zultys Phone Systems Carrollton TX","650","Zultys Business Phone Systems Dallas Fort Worth","Organization, WebSite, BreadcrumbList, ProfessionalService, Service","Canonical points to /carrollton-zultys. Do not include in XML sitemap."
"/richardson-phone-systems","Live 200 OK (Canonical)","/richardson-phone-systems","Yes","Keep / Prerender Content","Zultys IP Phones","650","Zultys Business Phone Systems Dallas Fort Worth","Organization, WebSite, BreadcrumbList, ProfessionalService, Service","Prerender semantic HTML body with H1, text, breadcrumbs, and internal links."
"/richardson","Live 200 OK (Non-Canonical Alternate)","/richardson-phone-systems","No","Keep Alternate / Map Canonical","Zultys Phone Systems Richardson TX","650","Zultys Business Phone Systems Dallas Fort Worth","Organization, WebSite, BreadcrumbList, ProfessionalService, Service","Canonical points to /richardson-phone-systems. Do not include in XML sitemap."
"/hurst-ip-pbx","Live 200 OK (Canonical)","/hurst-ip-pbx","Yes","Keep / Prerender Content","Zultys Phone Systems Hurst TX","650","Zultys Business Phone Systems Dallas Fort Worth","Organization, WebSite, BreadcrumbList, ProfessionalService, Service","Prerender semantic HTML body with H1, text, breadcrumbs, and internal links."
"/hurst","Live 200 OK (Non-Canonical Alternate)","/hurst-ip-pbx","No","Keep Alternate / Map Canonical","Zultys Phone Systems Hurst TX","650","Zultys Business Phone Systems Dallas Fort Worth","Organization, WebSite, BreadcrumbList, ProfessionalService, Service","Canonical points to /hurst-ip-pbx. Do not include in XML sitemap."
"/bedford-zultys-solutions","Live 200 OK (Canonical)","/bedford-zultys-solutions","Yes","Keep / Prerender Content","Zultys VoIP for Businesses","650","Zultys Business Phone Systems Dallas Fort Worth","Organization, WebSite, BreadcrumbList, ProfessionalService, Service","Prerender semantic HTML body with H1, text, breadcrumbs, and internal links."
"/bedford","Live 200 OK (Non-Canonical Alternate)","/bedford-zultys-solutions","No","Keep Alternate / Map Canonical","Zultys Phone Systems Bedford TX","650","Zultys Business Phone Systems Dallas Fort Worth","Organization, WebSite, BreadcrumbList, ProfessionalService, Service","Canonical points to /bedford-zultys-solutions. Do not include in XML sitemap."
"/euless-business-phones","Live 200 OK (Canonical)","/euless-business-phones","Yes","Keep / Prerender Content","Zultys IP Phones","650","Zultys Business Phone Systems Dallas Fort Worth","Organization, WebSite, BreadcrumbList, ProfessionalService, Service","Prerender semantic HTML body with H1, text, breadcrumbs, and internal links."
"/euless","Live 200 OK (Non-Canonical Alternate)","/euless-business-phones","No","Keep Alternate / Map Canonical","Zultys Phone Systems Euless TX","650","Zultys Business Phone Systems Dallas Fort Worth","Organization, WebSite, BreadcrumbList, ProfessionalService, Service","Canonical points to /euless-business-phones. Do not include in XML sitemap."
"/north-richland-hills-zultys","Live 200 OK (Canonical)","/north-richland-hills-zultys","Yes","Keep / Prerender Content","Zultys Phone Systems North Richland Hills TX","650","Zultys Business Phone Systems Dallas Fort Worth","Organization, WebSite, BreadcrumbList, ProfessionalService, Service","Prerender semantic HTML body with H1, text, breadcrumbs, and internal links."
"/north-richland-hills","Live 200 OK (Non-Canonical Alternate)","/north-richland-hills-zultys","No","Keep Alternate / Map Canonical","Zultys Phone Systems North Richland Hills TX","650","Zultys Business Phone Systems Dallas Fort Worth","Organization, WebSite, BreadcrumbList, ProfessionalService, Service","Canonical points to /north-richland-hills-zultys. Do not include in XML sitemap."
"/north-richland-hills-voip","Live 200 OK (Non-Canonical Alternate)","/north-richland-hills-zultys","No","Keep Alternate / Map Canonical","Zultys Phone Systems North Richland Hills TX","650","Zultys Business Phone Systems Dallas Fort Worth","Organization, WebSite, BreadcrumbList, ProfessionalService, Service","Canonical points to /north-richland-hills-zultys. Do not include in XML sitemap."
"/flower-mound-business-phones","Live 200 OK (Canonical)","/flower-mound-business-phones","Yes","Keep / Prerender Content","Zultys IP Phones","650","Zultys Business Phone Systems Dallas Fort Worth","Organization, WebSite, BreadcrumbList, ProfessionalService, Service","Prerender semantic HTML body with H1, text, breadcrumbs, and internal links."
"/flower-mound","Live 200 OK (Non-Canonical Alternate)","/flower-mound-business-phones","No","Keep Alternate / Map Canonical","Zultys Phone Systems Flower Mound TX","650","Zultys Business Phone Systems Dallas Fort Worth","Organization, WebSite, BreadcrumbList, ProfessionalService, Service","Canonical points to /flower-mound-business-phones. Do not include in XML sitemap."
"/colleyville-voip","Live 200 OK (Canonical)","/colleyville-voip","Yes","Keep / Prerender Content","Zultys Phone Systems Colleyville TX","650","Zultys Business Phone Systems Dallas Fort Worth","Organization, WebSite, BreadcrumbList, ProfessionalService, Service","Prerender semantic HTML body with H1, text, breadcrumbs, and internal links."
"/colleyville","Live 200 OK (Non-Canonical Alternate)","/colleyville-voip","No","Keep Alternate / Map Canonical","Zultys Phone Systems Colleyville TX","650","Zultys Business Phone Systems Dallas Fort Worth","Organization, WebSite, BreadcrumbList, ProfessionalService, Service","Canonical points to /colleyville-voip. Do not include in XML sitemap."
"/colleyville-ip-phones","Live 200 OK (Non-Canonical Alternate)","/colleyville-voip","No","Keep Alternate / Map Canonical","Zultys IP Phones","650","Zultys Business Phone Systems Dallas Fort Worth","Organization, WebSite, BreadcrumbList, ProfessionalService, Service","Canonical points to /colleyville-voip. Do not include in XML sitemap."
"/keller-zultys-dealer","Live 200 OK (Canonical)","/keller-zultys-dealer","Yes","Keep / Prerender Content","Zultys Phone Systems Keller TX","650","Zultys Business Phone Systems Dallas Fort Worth","Organization, WebSite, BreadcrumbList, ProfessionalService, Service","Prerender semantic HTML body with H1, text, breadcrumbs, and internal links."
"/keller","Live 200 OK (Non-Canonical Alternate)","/keller-zultys-dealer","No","Keep Alternate / Map Canonical","Zultys Phone Systems Keller TX","650","Zultys Business Phone Systems Dallas Fort Worth","Organization, WebSite, BreadcrumbList, ProfessionalService, Service","Canonical points to /keller-zultys-dealer. Do not include in XML sitemap."
"/saginaw-business-communications","Live 200 OK (Canonical)","/saginaw-business-communications","Yes","Keep / Prerender Content","Zultys Phone Systems Saginaw TX","650","Zultys Business Phone Systems Dallas Fort Worth","Organization, WebSite, BreadcrumbList, ProfessionalService, Service","Prerender semantic HTML body with H1, text, breadcrumbs, and internal links."
"/saginaw","Live 200 OK (Non-Canonical Alternate)","/saginaw-business-communications","No","Keep Alternate / Map Canonical","Zultys Phone Systems Saginaw TX","650","Zultys Business Phone Systems Dallas Fort Worth","Organization, WebSite, BreadcrumbList, ProfessionalService, Service","Canonical points to /saginaw-business-communications. Do not include in XML sitemap."
"/haltom-city-zultys","Live 200 OK (Canonical)","/haltom-city-zultys","Yes","Keep / Prerender Content","Zultys Phone Systems Haltom City TX","650","Zultys Business Phone Systems Dallas Fort Worth","Organization, WebSite, BreadcrumbList, ProfessionalService, Service","Prerender semantic HTML body with H1, text, breadcrumbs, and internal links."
"/haltom-city","Live 200 OK (Non-Canonical Alternate)","/haltom-city-zultys","No","Keep Alternate / Map Canonical","Zultys Phone Systems Haltom City TX","650","Zultys Business Phone Systems Dallas Fort Worth","Organization, WebSite, BreadcrumbList, ProfessionalService, Service","Canonical points to /haltom-city-zultys. Do not include in XML sitemap."
"/springtown-tx-zultys-phone-systems","Live 200 OK (Canonical)","/springtown-tx-zultys-phone-systems","Yes","Keep / Prerender Content","Zultys IP Phones","650","Zultys Business Phone Systems Dallas Fort Worth","Organization, WebSite, BreadcrumbList, ProfessionalService, Service","Prerender semantic HTML body with H1, text, breadcrumbs, and internal links."
"/springtown","Live 200 OK (Non-Canonical Alternate)","/springtown-tx-zultys-phone-systems","No","Keep Alternate / Map Canonical","Zultys Phone Systems Springtown TX","650","Zultys Business Phone Systems Dallas Fort Worth","Organization, WebSite, BreadcrumbList, ProfessionalService, Service","Canonical points to /springtown-tx-zultys-phone-systems. Do not include in XML sitemap."
"/granbury-tx-zultys-phone-systems","Live 200 OK (Canonical)","/granbury-tx-zultys-phone-systems","Yes","Keep / Prerender Content","Zultys IP Phones","650","Zultys Business Phone Systems Dallas Fort Worth","Organization, WebSite, BreadcrumbList, ProfessionalService, Service","Prerender semantic HTML body with H1, text, breadcrumbs, and internal links."
"/granbury","Live 200 OK (Non-Canonical Alternate)","/granbury-tx-zultys-phone-systems","No","Keep Alternate / Map Canonical","Zultys Phone Systems Granbury TX","650","Zultys Business Phone Systems Dallas Fort Worth","Organization, WebSite, BreadcrumbList, ProfessionalService, Service","Canonical points to /granbury-tx-zultys-phone-systems. Do not include in XML sitemap."
"/glen-rose-tx-zultys-phone-systems","Live 200 OK (Canonical)","/glen-rose-tx-zultys-phone-systems","Yes","Keep / Prerender Content","Zultys IP Phones","650","Zultys Business Phone Systems Dallas Fort Worth","Organization, WebSite, BreadcrumbList, ProfessionalService, Service","Prerender semantic HTML body with H1, text, breadcrumbs, and internal links."
"/glen-rose","Live 200 OK (Non-Canonical Alternate)","/glen-rose-tx-zultys-phone-systems","No","Keep Alternate / Map Canonical","Zultys Phone Systems Glen Rose TX","650","Zultys Business Phone Systems Dallas Fort Worth","Organization, WebSite, BreadcrumbList, ProfessionalService, Service","Canonical points to /glen-rose-tx-zultys-phone-systems. Do not include in XML sitemap."
"/godley-tx-zultys-phone-systems","Live 200 OK (Canonical)","/godley-tx-zultys-phone-systems","Yes","Keep / Prerender Content","Zultys IP Phones","650","Zultys Business Phone Systems Dallas Fort Worth","Organization, WebSite, BreadcrumbList, ProfessionalService, Service","Prerender semantic HTML body with H1, text, breadcrumbs, and internal links."
"/godley","Live 200 OK (Non-Canonical Alternate)","/godley-tx-zultys-phone-systems","No","Keep Alternate / Map Canonical","Zultys Phone Systems Godley TX","650","Zultys Business Phone Systems Dallas Fort Worth","Organization, WebSite, BreadcrumbList, ProfessionalService, Service","Canonical points to /godley-tx-zultys-phone-systems. Do not include in XML sitemap."
"/grandview-tx-zultys-phone-systems","Live 200 OK (Canonical)","/grandview-tx-zultys-phone-systems","Yes","Keep / Prerender Content","Zultys IP Phones","650","Zultys Business Phone Systems Dallas Fort Worth","Organization, WebSite, BreadcrumbList, ProfessionalService, Service","Prerender semantic HTML body with H1, text, breadcrumbs, and internal links."
"/grandview","Live 200 OK (Non-Canonical Alternate)","/grandview-tx-zultys-phone-systems","No","Keep Alternate / Map Canonical","Zultys Phone Systems Grandview TX","650","Zultys Business Phone Systems Dallas Fort Worth","Organization, WebSite, BreadcrumbList, ProfessionalService, Service","Canonical points to /grandview-tx-zultys-phone-systems. Do not include in XML sitemap."
"/venus-tx-zultys-phone-systems","Live 200 OK (Canonical)","/venus-tx-zultys-phone-systems","Yes","Keep / Prerender Content","Zultys IP Phones","650","Zultys Business Phone Systems Dallas Fort Worth","Organization, WebSite, BreadcrumbList, ProfessionalService, Service","Prerender semantic HTML body with H1, text, breadcrumbs, and internal links."
"/venus","Live 200 OK (Non-Canonical Alternate)","/venus-tx-zultys-phone-systems","No","Keep Alternate / Map Canonical","Zultys Phone Systems Venus TX","650","Zultys Business Phone Systems Dallas Fort Worth","Organization, WebSite, BreadcrumbList, ProfessionalService, Service","Canonical points to /venus-tx-zultys-phone-systems. Do not include in XML sitemap."
"/maypearl-tx-zultys-phone-systems","Live 200 OK (Canonical)","/maypearl-tx-zultys-phone-systems","Yes","Keep / Prerender Content","Zultys IP Phones","650","Zultys Business Phone Systems Dallas Fort Worth","Organization, WebSite, BreadcrumbList, ProfessionalService, Service","Prerender semantic HTML body with H1, text, breadcrumbs, and internal links."
"/maypearl","Live 200 OK (Non-Canonical Alternate)","/maypearl-tx-zultys-phone-systems","No","Keep Alternate / Map Canonical","Zultys Phone Systems Maypearl TX","650","Zultys Business Phone Systems Dallas Fort Worth","Organization, WebSite, BreadcrumbList, ProfessionalService, Service","Canonical points to /maypearl-tx-zultys-phone-systems. Do not include in XML sitemap."
"/italy-tx-zultys-phone-systems","Live 200 OK (Canonical)","/italy-tx-zultys-phone-systems","Yes","Keep / Prerender Content","Zultys IP Phones","650","Zultys Business Phone Systems Dallas Fort Worth","Organization, WebSite, BreadcrumbList, ProfessionalService, Service","Prerender semantic HTML body with H1, text, breadcrumbs, and internal links."
"/italy","Live 200 OK (Non-Canonical Alternate)","/italy-tx-zultys-phone-systems","No","Keep Alternate / Map Canonical","Zultys Phone Systems Italy TX","650","Zultys Business Phone Systems Dallas Fort Worth","Organization, WebSite, BreadcrumbList, ProfessionalService, Service","Canonical points to /italy-tx-zultys-phone-systems. Do not include in XML sitemap."
"/milford-tx-zultys-phone-systems","Live 200 OK (Canonical)","/milford-tx-zultys-phone-systems","Yes","Keep / Prerender Content","Zultys IP Phones","650","Zultys Business Phone Systems Dallas Fort Worth","Organization, WebSite, BreadcrumbList, ProfessionalService, Service","Prerender semantic HTML body with H1, text, breadcrumbs, and internal links."
"/milford","Live 200 OK (Non-Canonical Alternate)","/milford-tx-zultys-phone-systems","No","Keep Alternate / Map Canonical","Zultys Phone Systems Milford TX","650","Zultys Business Phone Systems Dallas Fort Worth","Organization, WebSite, BreadcrumbList, ProfessionalService, Service","Canonical points to /milford-tx-zultys-phone-systems. Do not include in XML sitemap."
"/palmer-tx-zultys-phone-systems","Live 200 OK (Canonical)","/palmer-tx-zultys-phone-systems","Yes","Keep / Prerender Content","Zultys IP Phones","650","Zultys Business Phone Systems Dallas Fort Worth","Organization, WebSite, BreadcrumbList, ProfessionalService, Service","Prerender semantic HTML body with H1, text, breadcrumbs, and internal links."
"/palmer","Live 200 OK (Non-Canonical Alternate)","/palmer-tx-zultys-phone-systems","No","Keep Alternate / Map Canonical","Zultys Phone Systems Palmer TX","650","Zultys Business Phone Systems Dallas Fort Worth","Organization, WebSite, BreadcrumbList, ProfessionalService, Service","Canonical points to /palmer-tx-zultys-phone-systems. Do not include in XML sitemap."
"/watauga-voip-solutions","Live 200 OK (Canonical)","/watauga-voip-solutions","Yes","Keep / Prerender Content","Zultys VoIP for Businesses","650","Zultys Business Phone Systems Dallas Fort Worth","Organization, WebSite, BreadcrumbList, ProfessionalService, Service","Prerender semantic HTML body with H1, text, breadcrumbs, and internal links."
"/watauga","Live 200 OK (Non-Canonical Alternate)","/watauga-voip-solutions","No","Keep Alternate / Map Canonical","Zultys Phone Systems Watauga TX","650","Zultys Business Phone Systems Dallas Fort Worth","Organization, WebSite, BreadcrumbList, ProfessionalService, Service","Canonical points to /watauga-voip-solutions. Do not include in XML sitemap."
"/benbrook-phone-systems","Live 200 OK (Canonical)","/benbrook-phone-systems","Yes","Keep / Prerender Content","Zultys IP Phones","650","Zultys Business Phone Systems Dallas Fort Worth","Organization, WebSite, BreadcrumbList, ProfessionalService, Service","Prerender semantic HTML body with H1, text, breadcrumbs, and internal links."
"/benbrook","Live 200 OK (Non-Canonical Alternate)","/benbrook-phone-systems","No","Keep Alternate / Map Canonical","Zultys Phone Systems Benbrook TX","650","Zultys Business Phone Systems Dallas Fort Worth","Organization, WebSite, BreadcrumbList, ProfessionalService, Service","Canonical points to /benbrook-phone-systems. Do not include in XML sitemap."
"/westworth-village-zultys","Live 200 OK (Canonical)","/westworth-village-zultys","Yes","Keep / Prerender Content","Zultys Phone Systems Westworth Village TX","650","Zultys Business Phone Systems Dallas Fort Worth","Organization, WebSite, BreadcrumbList, ProfessionalService, Service","Prerender semantic HTML body with H1, text, breadcrumbs, and internal links."
"/westworth-village","Live 200 OK (Non-Canonical Alternate)","/westworth-village-zultys","No","Keep Alternate / Map Canonical","Zultys Phone Systems Westworth Village TX","650","Zultys Business Phone Systems Dallas Fort Worth","Organization, WebSite, BreadcrumbList, ProfessionalService, Service","Canonical points to /westworth-village-zultys. Do not include in XML sitemap."
"/white-settlement-business-phones","Live 200 OK (Canonical)","/white-settlement-business-phones","Yes","Keep / Prerender Content","Zultys IP Phones","650","Zultys Business Phone Systems Dallas Fort Worth","Organization, WebSite, BreadcrumbList, ProfessionalService, Service","Prerender semantic HTML body with H1, text, breadcrumbs, and internal links."
"/white-settlement","Live 200 OK (Non-Canonical Alternate)","/white-settlement-business-phones","No","Keep Alternate / Map Canonical","Zultys Phone Systems White Settlement TX","650","Zultys Business Phone Systems Dallas Fort Worth","Organization, WebSite, BreadcrumbList, ProfessionalService, Service","Canonical points to /white-settlement-business-phones. Do not include in XML sitemap."
"/river-oaks-zultys","Live 200 OK (Canonical)","/river-oaks-zultys","Yes","Keep / Prerender Content","Zultys Phone Systems River Oaks TX","650","Zultys Business Phone Systems Dallas Fort Worth","Organization, WebSite, BreadcrumbList, ProfessionalService, Service","Prerender semantic HTML body with H1, text, breadcrumbs, and internal links."
"/river-oaks","Live 200 OK (Non-Canonical Alternate)","/river-oaks-zultys","No","Keep Alternate / Map Canonical","Zultys Phone Systems River Oaks TX","650","Zultys Business Phone Systems Dallas Fort Worth","Organization, WebSite, BreadcrumbList, ProfessionalService, Service","Canonical points to /river-oaks-zultys. Do not include in XML sitemap."
"/hudson-oaks-tx-zultys-phone-systems","Live 200 OK (Canonical)","/hudson-oaks-tx-zultys-phone-systems","Yes","Keep / Prerender Content","Zultys IP Phones","650","Zultys Business Phone Systems Dallas Fort Worth","Organization, WebSite, BreadcrumbList, ProfessionalService, Service","Prerender semantic HTML body with H1, text, breadcrumbs, and internal links."
"/hudson-oaks","Live 200 OK (Non-Canonical Alternate)","/hudson-oaks-tx-zultys-phone-systems","No","Keep Alternate / Map Canonical","Zultys Phone Systems Hudson Oaks TX","650","Zultys Business Phone Systems Dallas Fort Worth","Organization, WebSite, BreadcrumbList, ProfessionalService, Service","Canonical points to /hudson-oaks-tx-zultys-phone-systems. Do not include in XML sitemap."
"/willow-park-tx-zultys-phone-systems","Live 200 OK (Canonical)","/willow-park-tx-zultys-phone-systems","Yes","Keep / Prerender Content","Zultys IP Phones","650","Zultys Business Phone Systems Dallas Fort Worth","Organization, WebSite, BreadcrumbList, ProfessionalService, Service","Prerender semantic HTML body with H1, text, breadcrumbs, and internal links."
"/willow-park","Live 200 OK (Non-Canonical Alternate)","/willow-park-tx-zultys-phone-systems","No","Keep Alternate / Map Canonical","Zultys Phone Systems Willow Park TX","650","Zultys Business Phone Systems Dallas Fort Worth","Organization, WebSite, BreadcrumbList, ProfessionalService, Service","Canonical points to /willow-park-tx-zultys-phone-systems. Do not include in XML sitemap."
"/everman-tx-zultys-phone-systems","Live 200 OK (Canonical)","/everman-tx-zultys-phone-systems","Yes","Keep / Prerender Content","Zultys IP Phones","650","Zultys Business Phone Systems Dallas Fort Worth","Organization, WebSite, BreadcrumbList, ProfessionalService, Service","Prerender semantic HTML body with H1, text, breadcrumbs, and internal links."
"/everman","Live 200 OK (Non-Canonical Alternate)","/everman-tx-zultys-phone-systems","No","Keep Alternate / Map Canonical","Zultys Phone Systems Everman TX","650","Zultys Business Phone Systems Dallas Fort Worth","Organization, WebSite, BreadcrumbList, ProfessionalService, Service","Canonical points to /everman-tx-zultys-phone-systems. Do not include in XML sitemap."
"/pantego-tx-zultys-phone-systems","Live 200 OK (Canonical)","/pantego-tx-zultys-phone-systems","Yes","Keep / Prerender Content","Zultys IP Phones","650","Zultys Business Phone Systems Dallas Fort Worth","Organization, WebSite, BreadcrumbList, ProfessionalService, Service","Prerender semantic HTML body with H1, text, breadcrumbs, and internal links."
"/pantego","Live 200 OK (Non-Canonical Alternate)","/pantego-tx-zultys-phone-systems","No","Keep Alternate / Map Canonical","Zultys Phone Systems Pantego TX","650","Zultys Business Phone Systems Dallas Fort Worth","Organization, WebSite, BreadcrumbList, ProfessionalService, Service","Canonical points to /pantego-tx-zultys-phone-systems. Do not include in XML sitemap."
"/dalworthington-gardens-tx-zultys-phone-systems","Live 200 OK (Canonical)","/dalworthington-gardens-tx-zultys-phone-systems","Yes","Keep / Prerender Content","Zultys IP Phones","650","Zultys Business Phone Systems Dallas Fort Worth","Organization, WebSite, BreadcrumbList, ProfessionalService, Service","Prerender semantic HTML body with H1, text, breadcrumbs, and internal links."
"/dalworthington-gardens","Live 200 OK (Non-Canonical Alternate)","/dalworthington-gardens-tx-zultys-phone-systems","No","Keep Alternate / Map Canonical","Zultys Phone Systems Dalworthington Gardens TX","650","Zultys Business Phone Systems Dallas Fort Worth","Organization, WebSite, BreadcrumbList, ProfessionalService, Service","Canonical points to /dalworthington-gardens-tx-zultys-phone-systems. Do not include in XML sitemap."
"/westover-hills-tx-zultys-phone-systems","Live 200 OK (Canonical)","/westover-hills-tx-zultys-phone-systems","Yes","Keep / Prerender Content","Zultys IP Phones","650","Zultys Business Phone Systems Dallas Fort Worth","Organization, WebSite, BreadcrumbList, ProfessionalService, Service","Prerender semantic HTML body with H1, text, breadcrumbs, and internal links."
"/westover-hills","Live 200 OK (Non-Canonical Alternate)","/westover-hills-tx-zultys-phone-systems","No","Keep Alternate / Map Canonical","Zultys Phone Systems Westover Hills TX","650","Zultys Business Phone Systems Dallas Fort Worth","Organization, WebSite, BreadcrumbList, ProfessionalService, Service","Canonical points to /westover-hills-tx-zultys-phone-systems. Do not include in XML sitemap."
"/edgecliff-village-tx-zultys-phone-systems","Live 200 OK (Canonical)","/edgecliff-village-tx-zultys-phone-systems","Yes","Keep / Prerender Content","Zultys IP Phones","650","Zultys Business Phone Systems Dallas Fort Worth","Organization, WebSite, BreadcrumbList, ProfessionalService, Service","Prerender semantic HTML body with H1, text, breadcrumbs, and internal links."
"/edgecliff-village","Live 200 OK (Non-Canonical Alternate)","/edgecliff-village-tx-zultys-phone-systems","No","Keep Alternate / Map Canonical","Zultys Phone Systems Edgecliff Village TX","650","Zultys Business Phone Systems Dallas Fort Worth","Organization, WebSite, BreadcrumbList, ProfessionalService, Service","Canonical points to /edgecliff-village-tx-zultys-phone-systems. Do not include in XML sitemap."
"/richland-hills-tx-zultys-phone-systems","Live 200 OK (Canonical)","/richland-hills-tx-zultys-phone-systems","Yes","Keep / Prerender Content","Zultys IP Phones","650","Zultys Business Phone Systems Dallas Fort Worth","Organization, WebSite, BreadcrumbList, ProfessionalService, Service","Prerender semantic HTML body with H1, text, breadcrumbs, and internal links."
"/richland-hills","Live 200 OK (Non-Canonical Alternate)","/richland-hills-tx-zultys-phone-systems","No","Keep Alternate / Map Canonical","Zultys Phone Systems Richland Hills TX","650","Zultys Business Phone Systems Dallas Fort Worth","Organization, WebSite, BreadcrumbList, ProfessionalService, Service","Canonical points to /richland-hills-tx-zultys-phone-systems. Do not include in XML sitemap."
"/sansom-park-tx-zultys-phone-systems","Live 200 OK (Canonical)","/sansom-park-tx-zultys-phone-systems","Yes","Keep / Prerender Content","Zultys IP Phones","650","Zultys Business Phone Systems Dallas Fort Worth","Organization, WebSite, BreadcrumbList, ProfessionalService, Service","Prerender semantic HTML body with H1, text, breadcrumbs, and internal links."
"/sansom-park","Live 200 OK (Non-Canonical Alternate)","/sansom-park-tx-zultys-phone-systems","No","Keep Alternate / Map Canonical","Zultys Phone Systems Sansom Park TX","650","Zultys Business Phone Systems Dallas Fort Worth","Organization, WebSite, BreadcrumbList, ProfessionalService, Service","Canonical points to /sansom-park-tx-zultys-phone-systems. Do not include in XML sitemap."
"/reno-tx-zultys-phone-systems","Live 200 OK (Canonical)","/reno-tx-zultys-phone-systems","Yes","Keep / Prerender Content","Zultys IP Phones","650","Zultys Business Phone Systems Dallas Fort Worth","Organization, WebSite, BreadcrumbList, ProfessionalService, Service","Prerender semantic HTML body with H1, text, breadcrumbs, and internal links."
"/reno","Live 200 OK (Non-Canonical Alternate)","/reno-tx-zultys-phone-systems","No","Keep Alternate / Map Canonical","Zultys Phone Systems Reno TX","650","Zultys Business Phone Systems Dallas Fort Worth","Organization, WebSite, BreadcrumbList, ProfessionalService, Service","Canonical points to /reno-tx-zultys-phone-systems. Do not include in XML sitemap."
"/van-alstyne-tx-zultys-phone-systems","Live 200 OK (Canonical)","/van-alstyne-tx-zultys-phone-systems","Yes","Keep / Prerender Content","Zultys IP Phones","650","Zultys Business Phone Systems Dallas Fort Worth","Organization, WebSite, BreadcrumbList, ProfessionalService, Service","Prerender semantic HTML body with H1, text, breadcrumbs, and internal links."
"/van-alstyne","Live 200 OK (Non-Canonical Alternate)","/van-alstyne-tx-zultys-phone-systems","No","Keep Alternate / Map Canonical","Zultys Phone Systems Van Alstyne TX","650","Zultys Business Phone Systems Dallas Fort Worth","Organization, WebSite, BreadcrumbList, ProfessionalService, Service","Canonical points to /van-alstyne-tx-zultys-phone-systems. Do not include in XML sitemap."
"/leonard-tx-zultys-phone-systems","Live 200 OK (Canonical)","/leonard-tx-zultys-phone-systems","Yes","Keep / Prerender Content","Zultys IP Phones","650","Zultys Business Phone Systems Dallas Fort Worth","Organization, WebSite, BreadcrumbList, ProfessionalService, Service","Prerender semantic HTML body with H1, text, breadcrumbs, and internal links."
"/leonard","Live 200 OK (Non-Canonical Alternate)","/leonard-tx-zultys-phone-systems","No","Keep Alternate / Map Canonical","Zultys Phone Systems Leonard TX","650","Zultys Business Phone Systems Dallas Fort Worth","Organization, WebSite, BreadcrumbList, ProfessionalService, Service","Canonical points to /leonard-tx-zultys-phone-systems. Do not include in XML sitemap."
"/farmersville-tx-zultys-phone-systems","Live 200 OK (Canonical)","/farmersville-tx-zultys-phone-systems","Yes","Keep / Prerender Content","Zultys IP Phones","650","Zultys Business Phone Systems Dallas Fort Worth","Organization, WebSite, BreadcrumbList, ProfessionalService, Service","Prerender semantic HTML body with H1, text, breadcrumbs, and internal links."
"/farmersville","Live 200 OK (Non-Canonical Alternate)","/farmersville-tx-zultys-phone-systems","No","Keep Alternate / Map Canonical","Zultys Phone Systems Farmersville TX","650","Zultys Business Phone Systems Dallas Fort Worth","Organization, WebSite, BreadcrumbList, ProfessionalService, Service","Canonical points to /farmersville-tx-zultys-phone-systems. Do not include in XML sitemap."
"/howe-tx-zultys-phone-systems","Live 200 OK (Canonical)","/howe-tx-zultys-phone-systems","Yes","Keep / Prerender Content","Zultys IP Phones","650","Zultys Business Phone Systems Dallas Fort Worth","Organization, WebSite, BreadcrumbList, ProfessionalService, Service","Prerender semantic HTML body with H1, text, breadcrumbs, and internal links."
"/howe","Live 200 OK (Non-Canonical Alternate)","/howe-tx-zultys-phone-systems","No","Keep Alternate / Map Canonical","Zultys Phone Systems Howe TX","650","Zultys Business Phone Systems Dallas Fort Worth","Organization, WebSite, BreadcrumbList, ProfessionalService, Service","Canonical points to /howe-tx-zultys-phone-systems. Do not include in XML sitemap."
"/whitewright-tx-zultys-phone-systems","Live 200 OK (Canonical)","/whitewright-tx-zultys-phone-systems","Yes","Keep / Prerender Content","Zultys IP Phones","650","Zultys Business Phone Systems Dallas Fort Worth","Organization, WebSite, BreadcrumbList, ProfessionalService, Service","Prerender semantic HTML body with H1, text, breadcrumbs, and internal links."
"/whitewright","Live 200 OK (Non-Canonical Alternate)","/whitewright-tx-zultys-phone-systems","No","Keep Alternate / Map Canonical","Zultys Phone Systems Whitewright TX","650","Zultys Business Phone Systems Dallas Fort Worth","Organization, WebSite, BreadcrumbList, ProfessionalService, Service","Canonical points to /whitewright-tx-zultys-phone-systems. Do not include in XML sitemap."
"/gunter-tx-zultys-phone-systems","Live 200 OK (Canonical)","/gunter-tx-zultys-phone-systems","Yes","Keep / Prerender Content","Zultys IP Phones","650","Zultys Business Phone Systems Dallas Fort Worth","Organization, WebSite, BreadcrumbList, ProfessionalService, Service","Prerender semantic HTML body with H1, text, breadcrumbs, and internal links."
"/gunter","Live 200 OK (Non-Canonical Alternate)","/gunter-tx-zultys-phone-systems","No","Keep Alternate / Map Canonical","Zultys Phone Systems Gunter TX","650","Zultys Business Phone Systems Dallas Fort Worth","Organization, WebSite, BreadcrumbList, ProfessionalService, Service","Canonical points to /gunter-tx-zultys-phone-systems. Do not include in XML sitemap."
"/collinsville-tx-zultys-phone-systems","Live 200 OK (Canonical)","/collinsville-tx-zultys-phone-systems","Yes","Keep / Prerender Content","Zultys IP Phones","650","Zultys Business Phone Systems Dallas Fort Worth","Organization, WebSite, BreadcrumbList, ProfessionalService, Service","Prerender semantic HTML body with H1, text, breadcrumbs, and internal links."
"/collinsville","Live 200 OK (Non-Canonical Alternate)","/collinsville-tx-zultys-phone-systems","No","Keep Alternate / Map Canonical","Zultys Phone Systems Collinsville TX","650","Zultys Business Phone Systems Dallas Fort Worth","Organization, WebSite, BreadcrumbList, ProfessionalService, Service","Canonical points to /collinsville-tx-zultys-phone-systems. Do not include in XML sitemap."
"/tioga-tx-zultys-phone-systems","Live 200 OK (Canonical)","/tioga-tx-zultys-phone-systems","Yes","Keep / Prerender Content","Zultys IP Phones","650","Zultys Business Phone Systems Dallas Fort Worth","Organization, WebSite, BreadcrumbList, ProfessionalService, Service","Prerender semantic HTML body with H1, text, breadcrumbs, and internal links."
"/tioga","Live 200 OK (Non-Canonical Alternate)","/tioga-tx-zultys-phone-systems","No","Keep Alternate / Map Canonical","Zultys Phone Systems Tioga TX","650","Zultys Business Phone Systems Dallas Fort Worth","Organization, WebSite, BreadcrumbList, ProfessionalService, Service","Canonical points to /tioga-tx-zultys-phone-systems. Do not include in XML sitemap."
"/tom-bean-tx-zultys-phone-systems","Live 200 OK (Canonical)","/tom-bean-tx-zultys-phone-systems","Yes","Keep / Prerender Content","Zultys IP Phones","650","Zultys Business Phone Systems Dallas Fort Worth","Organization, WebSite, BreadcrumbList, ProfessionalService, Service","Prerender semantic HTML body with H1, text, breadcrumbs, and internal links."
"/tom-bean","Live 200 OK (Non-Canonical Alternate)","/tom-bean-tx-zultys-phone-systems","No","Keep Alternate / Map Canonical","Zultys Phone Systems Tom Bean TX","650","Zultys Business Phone Systems Dallas Fort Worth","Organization, WebSite, BreadcrumbList, ProfessionalService, Service","Canonical points to /tom-bean-tx-zultys-phone-systems. Do not include in XML sitemap."
"/trenton-tx-zultys-phone-systems","Live 200 OK (Canonical)","/trenton-tx-zultys-phone-systems","Yes","Keep / Prerender Content","Zultys IP Phones","650","Zultys Business Phone Systems Dallas Fort Worth","Organization, WebSite, BreadcrumbList, ProfessionalService, Service","Prerender semantic HTML body with H1, text, breadcrumbs, and internal links."
"/trenton","Live 200 OK (Non-Canonical Alternate)","/trenton-tx-zultys-phone-systems","No","Keep Alternate / Map Canonical","Zultys Phone Systems Trenton TX","650","Zultys Business Phone Systems Dallas Fort Worth","Organization, WebSite, BreadcrumbList, ProfessionalService, Service","Canonical points to /trenton-tx-zultys-phone-systems. Do not include in XML sitemap."
"/savoy-tx-zultys-phone-systems","Live 200 OK (Canonical)","/savoy-tx-zultys-phone-systems","Yes","Keep / Prerender Content","Zultys IP Phones","650","Zultys Business Phone Systems Dallas Fort Worth","Organization, WebSite, BreadcrumbList, ProfessionalService, Service","Prerender semantic HTML body with H1, text, breadcrumbs, and internal links."
"/savoy","Live 200 OK (Non-Canonical Alternate)","/savoy-tx-zultys-phone-systems","No","Keep Alternate / Map Canonical","Zultys Phone Systems Savoy TX","650","Zultys Business Phone Systems Dallas Fort Worth","Organization, WebSite, BreadcrumbList, ProfessionalService, Service","Canonical points to /savoy-tx-zultys-phone-systems. Do not include in XML sitemap."
"/bells-tx-zultys-phone-systems","Live 200 OK (Canonical)","/bells-tx-zultys-phone-systems","Yes","Keep / Prerender Content","Zultys IP Phones","650","Zultys Business Phone Systems Dallas Fort Worth","Organization, WebSite, BreadcrumbList, ProfessionalService, Service","Prerender semantic HTML body with H1, text, breadcrumbs, and internal links."
"/bells","Live 200 OK (Non-Canonical Alternate)","/bells-tx-zultys-phone-systems","No","Keep Alternate / Map Canonical","Zultys Phone Systems Bells TX","650","Zultys Business Phone Systems Dallas Fort Worth","Organization, WebSite, BreadcrumbList, ProfessionalService, Service","Canonical points to /bells-tx-zultys-phone-systems. Do not include in XML sitemap."
"/blue-ridge-tx-zultys-phone-systems","Live 200 OK (Canonical)","/blue-ridge-tx-zultys-phone-systems","Yes","Keep / Prerender Content","Zultys IP Phones","650","Zultys Business Phone Systems Dallas Fort Worth","Organization, WebSite, BreadcrumbList, ProfessionalService, Service","Prerender semantic HTML body with H1, text, breadcrumbs, and internal links."
"/blue-ridge","Live 200 OK (Non-Canonical Alternate)","/blue-ridge-tx-zultys-phone-systems","No","Keep Alternate / Map Canonical","Zultys Phone Systems Blue Ridge TX","650","Zultys Business Phone Systems Dallas Fort Worth","Organization, WebSite, BreadcrumbList, ProfessionalService, Service","Canonical points to /blue-ridge-tx-zultys-phone-systems. Do not include in XML sitemap."
"/ector-tx-zultys-phone-systems","Live 200 OK (Canonical)","/ector-tx-zultys-phone-systems","Yes","Keep / Prerender Content","Zultys IP Phones","650","Zultys Business Phone Systems Dallas Fort Worth","Organization, WebSite, BreadcrumbList, ProfessionalService, Service","Prerender semantic HTML body with H1, text, breadcrumbs, and internal links."
"/ector","Live 200 OK (Non-Canonical Alternate)","/ector-tx-zultys-phone-systems","No","Keep Alternate / Map Canonical","Zultys Phone Systems Ector TX","650","Zultys Business Phone Systems Dallas Fort Worth","Organization, WebSite, BreadcrumbList, ProfessionalService, Service","Canonical points to /ector-tx-zultys-phone-systems. Do not include in XML sitemap."
"/ravenna-tx-zultys-phone-systems","Live 200 OK (Canonical)","/ravenna-tx-zultys-phone-systems","Yes","Keep / Prerender Content","Zultys IP Phones","650","Zultys Business Phone Systems Dallas Fort Worth","Organization, WebSite, BreadcrumbList, ProfessionalService, Service","Prerender semantic HTML body with H1, text, breadcrumbs, and internal links."
"/ravenna","Live 200 OK (Non-Canonical Alternate)","/ravenna-tx-zultys-phone-systems","No","Keep Alternate / Map Canonical","Zultys Phone Systems Ravenna TX","650","Zultys Business Phone Systems Dallas Fort Worth","Organization, WebSite, BreadcrumbList, ProfessionalService, Service","Canonical points to /ravenna-tx-zultys-phone-systems. Do not include in XML sitemap."
"/bonham-tx-zultys-phone-systems","Live 200 OK (Canonical)","/bonham-tx-zultys-phone-systems","Yes","Keep / Prerender Content","Zultys IP Phones","650","Zultys Business Phone Systems Dallas Fort Worth","Organization, WebSite, BreadcrumbList, ProfessionalService, Service","Prerender semantic HTML body with H1, text, breadcrumbs, and internal links."
"/bonham","Live 200 OK (Non-Canonical Alternate)","/bonham-tx-zultys-phone-systems","No","Keep Alternate / Map Canonical","Zultys Phone Systems Bonham TX","650","Zultys Business Phone Systems Dallas Fort Worth","Organization, WebSite, BreadcrumbList, ProfessionalService, Service","Canonical points to /bonham-tx-zultys-phone-systems. Do not include in XML sitemap."
"/honey-grove-tx-zultys-phone-systems","Live 200 OK (Canonical)","/honey-grove-tx-zultys-phone-systems","Yes","Keep / Prerender Content","Zultys IP Phones","650","Zultys Business Phone Systems Dallas Fort Worth","Organization, WebSite, BreadcrumbList, ProfessionalService, Service","Prerender semantic HTML body with H1, text, breadcrumbs, and internal links."
"/honey-grove","Live 200 OK (Non-Canonical Alternate)","/honey-grove-tx-zultys-phone-systems","No","Keep Alternate / Map Canonical","Zultys Phone Systems Honey Grove TX","650","Zultys Business Phone Systems Dallas Fort Worth","Organization, WebSite, BreadcrumbList, ProfessionalService, Service","Canonical points to /honey-grove-tx-zultys-phone-systems. Do not include in XML sitemap."
"/ladonia-tx-zultys-phone-systems","Live 200 OK (Canonical)","/ladonia-tx-zultys-phone-systems","Yes","Keep / Prerender Content","Zultys IP Phones","650","Zultys Business Phone Systems Dallas Fort Worth","Organization, WebSite, BreadcrumbList, ProfessionalService, Service","Prerender semantic HTML body with H1, text, breadcrumbs, and internal links."
"/ladonia","Live 200 OK (Non-Canonical Alternate)","/ladonia-tx-zultys-phone-systems","No","Keep Alternate / Map Canonical","Zultys Phone Systems Ladonia TX","650","Zultys Business Phone Systems Dallas Fort Worth","Organization, WebSite, BreadcrumbList, ProfessionalService, Service","Canonical points to /ladonia-tx-zultys-phone-systems. Do not include in XML sitemap."
"/windom-tx-zultys-phone-systems","Live 200 OK (Canonical)","/windom-tx-zultys-phone-systems","Yes","Keep / Prerender Content","Zultys IP Phones","650","Zultys Business Phone Systems Dallas Fort Worth","Organization, WebSite, BreadcrumbList, ProfessionalService, Service","Prerender semantic HTML body with H1, text, breadcrumbs, and internal links."
"/windom","Live 200 OK (Non-Canonical Alternate)","/windom-tx-zultys-phone-systems","No","Keep Alternate / Map Canonical","Zultys Phone Systems Windom TX","650","Zultys Business Phone Systems Dallas Fort Worth","Organization, WebSite, BreadcrumbList, ProfessionalService, Service","Canonical points to /windom-tx-zultys-phone-systems. Do not include in XML sitemap."
"/dodd-city-tx-zultys-phone-systems","Live 200 OK (Canonical)","/dodd-city-tx-zultys-phone-systems","Yes","Keep / Prerender Content","Zultys IP Phones","650","Zultys Business Phone Systems Dallas Fort Worth","Organization, WebSite, BreadcrumbList, ProfessionalService, Service","Prerender semantic HTML body with H1, text, breadcrumbs, and internal links."
"/dodd-city","Live 200 OK (Non-Canonical Alternate)","/dodd-city-tx-zultys-phone-systems","No","Keep Alternate / Map Canonical","Zultys Phone Systems Dodd City TX","650","Zultys Business Phone Systems Dallas Fort Worth","Organization, WebSite, BreadcrumbList, ProfessionalService, Service","Canonical points to /dodd-city-tx-zultys-phone-systems. Do not include in XML sitemap."
"/merit-tx-zultys-phone-systems","Live 200 OK (Canonical)","/merit-tx-zultys-phone-systems","Yes","Keep / Prerender Content","Zultys IP Phones","650","Zultys Business Phone Systems Dallas Fort Worth","Organization, WebSite, BreadcrumbList, ProfessionalService, Service","Prerender semantic HTML body with H1, text, breadcrumbs, and internal links."
"/merit","Live 200 OK (Non-Canonical Alternate)","/merit-tx-zultys-phone-systems","No","Keep Alternate / Map Canonical","Zultys Phone Systems Merit TX","650","Zultys Business Phone Systems Dallas Fort Worth","Organization, WebSite, BreadcrumbList, ProfessionalService, Service","Canonical points to /merit-tx-zultys-phone-systems. Do not include in XML sitemap."
"/celeste-tx-zultys-phone-systems","Live 200 OK (Canonical)","/celeste-tx-zultys-phone-systems","Yes","Keep / Prerender Content","Zultys IP Phones","650","Zultys Business Phone Systems Dallas Fort Worth","Organization, WebSite, BreadcrumbList, ProfessionalService, Service","Prerender semantic HTML body with H1, text, breadcrumbs, and internal links."
"/celeste","Live 200 OK (Non-Canonical Alternate)","/celeste-tx-zultys-phone-systems","No","Keep Alternate / Map Canonical","Zultys Phone Systems Celeste TX","650","Zultys Business Phone Systems Dallas Fort Worth","Organization, WebSite, BreadcrumbList, ProfessionalService, Service","Canonical points to /celeste-tx-zultys-phone-systems. Do not include in XML sitemap."
"/wolfe-city-tx-zultys-phone-systems","Live 200 OK (Canonical)","/wolfe-city-tx-zultys-phone-systems","Yes","Keep / Prerender Content","Zultys IP Phones","650","Zultys Business Phone Systems Dallas Fort Worth","Organization, WebSite, BreadcrumbList, ProfessionalService, Service","Prerender semantic HTML body with H1, text, breadcrumbs, and internal links."
"/wolfe-city","Live 200 OK (Non-Canonical Alternate)","/wolfe-city-tx-zultys-phone-systems","No","Keep Alternate / Map Canonical","Zultys Phone Systems Wolfe City TX","650","Zultys Business Phone Systems Dallas Fort Worth","Organization, WebSite, BreadcrumbList, ProfessionalService, Service","Canonical points to /wolfe-city-tx-zultys-phone-systems. Do not include in XML sitemap."
"/caddo-mills-tx-zultys-phone-systems","Live 200 OK (Canonical)","/caddo-mills-tx-zultys-phone-systems","Yes","Keep / Prerender Content","Zultys IP Phones","650","Zultys Business Phone Systems Dallas Fort Worth","Organization, WebSite, BreadcrumbList, ProfessionalService, Service","Prerender semantic HTML body with H1, text, breadcrumbs, and internal links."
"/caddo-mills","Live 200 OK (Non-Canonical Alternate)","/caddo-mills-tx-zultys-phone-systems","No","Keep Alternate / Map Canonical","Zultys Phone Systems Caddo Mills TX","650","Zultys Business Phone Systems Dallas Fort Worth","Organization, WebSite, BreadcrumbList, ProfessionalService, Service","Canonical points to /caddo-mills-tx-zultys-phone-systems. Do not include in XML sitemap."
"/nevada-tx-zultys-phone-systems","Live 200 OK (Canonical)","/nevada-tx-zultys-phone-systems","Yes","Keep / Prerender Content","Zultys IP Phones","650","Zultys Business Phone Systems Dallas Fort Worth","Organization, WebSite, BreadcrumbList, ProfessionalService, Service","Prerender semantic HTML body with H1, text, breadcrumbs, and internal links."
"/nevada","Live 200 OK (Non-Canonical Alternate)","/nevada-tx-zultys-phone-systems","No","Keep Alternate / Map Canonical","Zultys Phone Systems Nevada TX","650","Zultys Business Phone Systems Dallas Fort Worth","Organization, WebSite, BreadcrumbList, ProfessionalService, Service","Canonical points to /nevada-tx-zultys-phone-systems. Do not include in XML sitemap."
"/josephine-tx-zultys-phone-systems","Live 200 OK (Canonical)","/josephine-tx-zultys-phone-systems","Yes","Keep / Prerender Content","Zultys IP Phones","650","Zultys Business Phone Systems Dallas Fort Worth","Organization, WebSite, BreadcrumbList, ProfessionalService, Service","Prerender semantic HTML body with H1, text, breadcrumbs, and internal links."
"/josephine","Live 200 OK (Non-Canonical Alternate)","/josephine-tx-zultys-phone-systems","No","Keep Alternate / Map Canonical","Zultys Phone Systems Josephine TX","650","Zultys Business Phone Systems Dallas Fort Worth","Organization, WebSite, BreadcrumbList, ProfessionalService, Service","Canonical points to /josephine-tx-zultys-phone-systems. Do not include in XML sitemap."
"/bailey-tx-zultys-phone-systems","Live 200 OK (Canonical)","/bailey-tx-zultys-phone-systems","Yes","Keep / Prerender Content","Zultys IP Phones","650","Zultys Business Phone Systems Dallas Fort Worth","Organization, WebSite, BreadcrumbList, ProfessionalService, Service","Prerender semantic HTML body with H1, text, breadcrumbs, and internal links."
"/bailey","Live 200 OK (Non-Canonical Alternate)","/bailey-tx-zultys-phone-systems","No","Keep Alternate / Map Canonical","Zultys Phone Systems Bailey TX","650","Zultys Business Phone Systems Dallas Fort Worth","Organization, WebSite, BreadcrumbList, ProfessionalService, Service","Canonical points to /bailey-tx-zultys-phone-systems. Do not include in XML sitemap."
"/randolph-tx-zultys-phone-systems","Live 200 OK (Canonical)","/randolph-tx-zultys-phone-systems","Yes","Keep / Prerender Content","Zultys IP Phones","650","Zultys Business Phone Systems Dallas Fort Worth","Organization, WebSite, BreadcrumbList, ProfessionalService, Service","Prerender semantic HTML body with H1, text, breadcrumbs, and internal links."
"/randolph","Live 200 OK (Non-Canonical Alternate)","/randolph-tx-zultys-phone-systems","No","Keep Alternate / Map Canonical","Zultys Phone Systems Randolph TX","650","Zultys Business Phone Systems Dallas Fort Worth","Organization, WebSite, BreadcrumbList, ProfessionalService, Service","Canonical points to /randolph-tx-zultys-phone-systems. Do not include in XML sitemap."
"/telephone-tx-zultys-phone-systems","Live 200 OK (Canonical)","/telephone-tx-zultys-phone-systems","Yes","Keep / Prerender Content","Zultys IP Phones","650","Zultys Business Phone Systems Dallas Fort Worth","Organization, WebSite, BreadcrumbList, ProfessionalService, Service","Prerender semantic HTML body with H1, text, breadcrumbs, and internal links."
"/telephone","Live 200 OK (Non-Canonical Alternate)","/telephone-tx-zultys-phone-systems","No","Keep Alternate / Map Canonical","Zultys IP Phones","650","Zultys Business Phone Systems Dallas Fort Worth","Organization, WebSite, BreadcrumbList, ProfessionalService, Service","Canonical points to /telephone-tx-zultys-phone-systems. Do not include in XML sitemap."
"/ivanhoe-tx-zultys-phone-systems","Live 200 OK (Canonical)","/ivanhoe-tx-zultys-phone-systems","Yes","Keep / Prerender Content","Zultys IP Phones","650","Zultys Business Phone Systems Dallas Fort Worth","Organization, WebSite, BreadcrumbList, ProfessionalService, Service","Prerender semantic HTML body with H1, text, breadcrumbs, and internal links."
"/ivanhoe","Live 200 OK (Non-Canonical Alternate)","/ivanhoe-tx-zultys-phone-systems","No","Keep Alternate / Map Canonical","Zultys Phone Systems Ivanhoe TX","650","Zultys Business Phone Systems Dallas Fort Worth","Organization, WebSite, BreadcrumbList, ProfessionalService, Service","Canonical points to /ivanhoe-tx-zultys-phone-systems. Do not include in XML sitemap."
"/gober-tx-zultys-phone-systems","Live 200 OK (Canonical)","/gober-tx-zultys-phone-systems","Yes","Keep / Prerender Content","Zultys IP Phones","650","Zultys Business Phone Systems Dallas Fort Worth","Organization, WebSite, BreadcrumbList, ProfessionalService, Service","Prerender semantic HTML body with H1, text, breadcrumbs, and internal links."
"/gober","Live 200 OK (Non-Canonical Alternate)","/gober-tx-zultys-phone-systems","No","Keep Alternate / Map Canonical","Zultys Phone Systems Gober TX","650","Zultys Business Phone Systems Dallas Fort Worth","Organization, WebSite, BreadcrumbList, ProfessionalService, Service","Canonical points to /gober-tx-zultys-phone-systems. Do not include in XML sitemap."
"/dallas-zultys-phones","Live 200 OK (Canonical)","/dallas-zultys-phones","Yes","Keep / Prerender Content","Zultys Phone Systems Dallas","650","Zultys Business Phone Systems Dallas Fort Worth","Organization, WebSite, BreadcrumbList, ProfessionalService, Service","Prerender semantic HTML body with H1, text, breadcrumbs, and internal links."
"/fort-worth-zultys-systems","Live 200 OK (Canonical)","/fort-worth-zultys-systems","Yes","Keep / Prerender Content","Zultys Phone Systems Fort Worth","650","Zultys Business Phone Systems Dallas Fort Worth","Organization, WebSite, BreadcrumbList, ProfessionalService, Service","Prerender semantic HTML body with H1, text, breadcrumbs, and internal links."
"/fort-worth-zultys-business-phone-systems","Live 200 OK (Canonical)","/fort-worth-zultys-business-phone-systems","Yes","Keep / Prerender Content","Zultys Phone Systems Fort Worth","650","Zultys Business Phone Systems Dallas Fort Worth","Organization, WebSite, BreadcrumbList, ProfessionalService, Service","Prerender semantic HTML body with H1, text, breadcrumbs, and internal links."
"/fort-worth-zultys-voip-phone-system","Live 200 OK (Canonical)","/fort-worth-zultys-voip-phone-system","Yes","Keep / Prerender Content","Zultys Phone Systems Fort Worth","650","Zultys Business Phone Systems Dallas Fort Worth","Organization, WebSite, BreadcrumbList, ProfessionalService, Service","Prerender semantic HTML body with H1, text, breadcrumbs, and internal links."
"/dallas-zultys-cloud-phones","Live 200 OK (Canonical)","/dallas-zultys-cloud-phones","Yes","Keep / Prerender Content","Zultys Phone Systems Dallas","650","Zultys Business Phone Systems Dallas Fort Worth","Organization, WebSite, BreadcrumbList, ProfessionalService, Service","Prerender semantic HTML body with H1, text, breadcrumbs, and internal links."
"/fort-worth-zultys-cloud-phone-system","Live 200 OK (Canonical)","/fort-worth-zultys-cloud-phone-system","Yes","Keep / Prerender Content","Zultys Phone Systems Fort Worth","650","Zultys Business Phone Systems Dallas Fort Worth","Organization, WebSite, BreadcrumbList, ProfessionalService, Service","Prerender semantic HTML body with H1, text, breadcrumbs, and internal links."
"/fort-worth-zultys-video-conferencing-system","Live 200 OK (Canonical)","/fort-worth-zultys-video-conferencing-system","Yes","Keep / Prerender Content","Zultys Phone Systems Fort Worth","650","Zultys Business Phone Systems Dallas Fort Worth","Organization, WebSite, BreadcrumbList, ProfessionalService, Service","Prerender semantic HTML body with H1, text, breadcrumbs, and internal links."
"/fort-worth-zultys-mx-series","Live 200 OK (Canonical)","/fort-worth-zultys-mx-series","Yes","Keep / Prerender Content","Zultys Phone Systems Fort Worth","750","Zultys fort worth zultys mx series","Organization, WebSite, BreadcrumbList, Product","Prerender semantic HTML body with H1, text, breadcrumbs, and internal links."
"/fort-worth-zultys-mx-se","Live 200 OK (Canonical)","/fort-worth-zultys-mx-se","Yes","Keep / Prerender Content","Zultys Phone Systems Fort Worth","750","Zultys fort worth zultys mx se","Organization, WebSite, BreadcrumbList, Product","Prerender semantic HTML body with H1, text, breadcrumbs, and internal links."
"/fort-worth-zultys-mxmobile","Live 200 OK (Canonical)","/fort-worth-zultys-mxmobile","Yes","Keep / Prerender Content","Zultys Phone Systems Fort Worth","650","Zultys Business Phone Systems Dallas Fort Worth","Organization, WebSite, BreadcrumbList, ProfessionalService, Service","Prerender semantic HTML body with H1, text, breadcrumbs, and internal links."
"/fort-worth-zultys-mobile-zac","Live 200 OK (Canonical)","/fort-worth-zultys-mobile-zac","Yes","Keep / Prerender Content","Zultys Phone Systems Fort Worth","650","Zultys Business Phone Systems Dallas Fort Worth","Organization, WebSite, BreadcrumbList, ProfessionalService, Service","Prerender semantic HTML body with H1, text, breadcrumbs, and internal links."
"/fort-worth-zultys-mxconference","Live 200 OK (Canonical)","/fort-worth-zultys-mxconference","Yes","Keep / Prerender Content","Zultys Phone Systems Fort Worth","650","Zultys Business Phone Systems Dallas Fort Worth","Organization, WebSite, BreadcrumbList, ProfessionalService, Service","Prerender semantic HTML body with H1, text, breadcrumbs, and internal links."
"/fort-worth-zultys-zac","Live 200 OK (Canonical)","/fort-worth-zultys-zac","Yes","Keep / Prerender Content","Zultys Phone Systems Fort Worth","650","Zultys Business Phone Systems Dallas Fort Worth","Organization, WebSite, BreadcrumbList, ProfessionalService, Service","Prerender semantic HTML body with H1, text, breadcrumbs, and internal links."
"/zultys-cloud-services","Live 200 OK (Canonical)","/zultys-cloud-services","Yes","Keep / Prerender Content","Zultys Cloud Phone System","650","Zultys Business Phone Systems Dallas Fort Worth","Organization, WebSite, BreadcrumbList, ProfessionalService, Service","Prerender semantic HTML body with H1, text, breadcrumbs, and internal links."
"/fort-worth-zultys-cloud-services","Live 200 OK (Canonical)","/fort-worth-zultys-cloud-services","Yes","Keep / Prerender Content","Zultys Phone Systems Fort Worth","650","Zultys Business Phone Systems Dallas Fort Worth","Organization, WebSite, BreadcrumbList, ProfessionalService, Service","Prerender semantic HTML body with H1, text, breadcrumbs, and internal links."
"/zultys-ip-phones","Live 200 OK (Canonical)","/zultys-ip-phones","Yes","Keep / Prerender Content","Zultys IP Phones","650","Zultys Business Phone Systems Dallas Fort Worth","Organization, WebSite, BreadcrumbList, ProfessionalService, Service","Prerender semantic HTML body with H1, text, breadcrumbs, and internal links."
"/fort-worth-zultys-zip-49g-phone","Live 200 OK (Canonical)","/fort-worth-zultys-zip-49g-phone","Yes","Keep / Prerender Content","Zultys Phone Systems Fort Worth","750","Zultys fort worth zultys zip 49g phone","Organization, WebSite, BreadcrumbList, Product","Prerender semantic HTML body with H1, text, breadcrumbs, and internal links."
"/fort-worth-zultys-zip-47g-phone","Live 200 OK (Canonical)","/fort-worth-zultys-zip-47g-phone","Yes","Keep / Prerender Content","Zultys Phone Systems Fort Worth","750","Zultys fort worth zultys zip 47g phone","Organization, WebSite, BreadcrumbList, Product","Prerender semantic HTML body with H1, text, breadcrumbs, and internal links."
"/fort-worth-zultys-zip-45g-phone","Live 200 OK (Canonical)","/fort-worth-zultys-zip-45g-phone","Yes","Keep / Prerender Content","Zultys Phone Systems Fort Worth","750","Zultys fort worth zultys zip 45g phone","Organization, WebSite, BreadcrumbList, Product","Prerender semantic HTML body with H1, text, breadcrumbs, and internal links."
"/fort-worth-zultys-zip-43g-phone","Live 200 OK (Canonical)","/fort-worth-zultys-zip-43g-phone","Yes","Keep / Prerender Content","Zultys Phone Systems Fort Worth","750","Zultys fort worth zultys zip 43g phone","Organization, WebSite, BreadcrumbList, Product","Prerender semantic HTML body with H1, text, breadcrumbs, and internal links."
"/fort-worth-zultys-z-23ge-phone","Live 200 OK (Canonical)","/fort-worth-zultys-z-23ge-phone","Yes","Keep / Prerender Content","Zultys Phone Systems Fort Worth","750","Zultys fort worth zultys z 23ge phone","Organization, WebSite, BreadcrumbList, Product","Prerender semantic HTML body with H1, text, breadcrumbs, and internal links."
"/fort-worth-zultys-z23g-phone","Live 200 OK (Canonical)","/fort-worth-zultys-z23g-phone","Yes","Keep / Prerender Content","Zultys Phone Systems Fort Worth","650","Zultys Business Phone Systems Dallas Fort Worth","Organization, WebSite, BreadcrumbList, ProfessionalService, Service","Prerender semantic HTML body with H1, text, breadcrumbs, and internal links."
"/fort-worth-zultys-z-22g-phone","Live 200 OK (Canonical)","/fort-worth-zultys-z-22g-phone","Yes","Keep / Prerender Content","Zultys Phone Systems Fort Worth","750","Zultys fort worth zultys z 22g phone","Organization, WebSite, BreadcrumbList, Product","Prerender semantic HTML body with H1, text, breadcrumbs, and internal links."
"/fort-worth-zultys-z-21i-phone","Live 200 OK (Canonical)","/fort-worth-zultys-z-21i-phone","Yes","Keep / Prerender Content","Zultys Phone Systems Fort Worth","750","Zultys fort worth zultys z 21i phone","Organization, WebSite, BreadcrumbList, Product","Prerender semantic HTML body with H1, text, breadcrumbs, and internal links."
"/fort-worth-zultys-gateways","Live 200 OK (Canonical)","/fort-worth-zultys-gateways","Yes","Keep / Prerender Content","Zultys Phone Systems Fort Worth","650","Zultys Business Phone Systems Dallas Fort Worth","Organization, WebSite, BreadcrumbList, ProfessionalService, Service","Prerender semantic HTML body with H1, text, breadcrumbs, and internal links."
"/fort-worth-zultys-phone-system-small-business","Live 200 OK (Canonical)","/fort-worth-zultys-phone-system-small-business","Yes","Keep / Prerender Content","Zultys Phone Systems Fort Worth","650","Zultys Business Phone Systems Dallas Fort Worth","Organization, WebSite, BreadcrumbList, ProfessionalService, Service","Prerender semantic HTML body with H1, text, breadcrumbs, and internal links."
"/fort-worth-zultys-small-business","Live 200 OK (Canonical)","/fort-worth-zultys-small-business","Yes","Keep / Prerender Content","Zultys Phone Systems Fort Worth","650","Zultys Business Phone Systems Dallas Fort Worth","Organization, WebSite, BreadcrumbList, ProfessionalService, Service","Prerender semantic HTML body with H1, text, breadcrumbs, and internal links."
"/fort-worth-zultys-healthcare","Live 200 OK (Canonical)","/fort-worth-zultys-healthcare","Yes","Keep / Prerender Content","Zultys Phone Systems Fort Worth","650","Zultys Business Phone Systems Dallas Fort Worth","Organization, WebSite, BreadcrumbList, ProfessionalService, Service","Prerender semantic HTML body with H1, text, breadcrumbs, and internal links."
"/fort-worth-zultys-education","Live 200 OK (Canonical)","/fort-worth-zultys-education","Yes","Keep / Prerender Content","Zultys Phone Systems Fort Worth","650","Zultys Business Phone Systems Dallas Fort Worth","Organization, WebSite, BreadcrumbList, ProfessionalService, Service","Prerender semantic HTML body with H1, text, breadcrumbs, and internal links."
"/fort-worth-zultys-professional-services","Live 200 OK (Canonical)","/fort-worth-zultys-professional-services","Yes","Keep / Prerender Content","Zultys Phone Systems Fort Worth","650","Zultys Business Phone Systems Dallas Fort Worth","Organization, WebSite, BreadcrumbList, ProfessionalService, Service","Prerender semantic HTML body with H1, text, breadcrumbs, and internal links."
"/fort-worth-zultys-real-estate","Live 200 OK (Canonical)","/fort-worth-zultys-real-estate","Yes","Keep / Prerender Content","Zultys Phone Systems Fort Worth","650","Zultys Business Phone Systems Dallas Fort Worth","Organization, WebSite, BreadcrumbList, ProfessionalService, Service","Prerender semantic HTML body with H1, text, breadcrumbs, and internal links."
"/fort-worth-zultys-retail-automotive","Live 200 OK (Canonical)","/fort-worth-zultys-retail-automotive","Yes","Keep / Prerender Content","Zultys Phone Systems Fort Worth","650","Zultys Business Phone Systems Dallas Fort Worth","Organization, WebSite, BreadcrumbList, ProfessionalService, Service","Prerender semantic HTML body with H1, text, breadcrumbs, and internal links."
"/fort-worth-zultys-multi-location","Live 200 OK (Canonical)","/fort-worth-zultys-multi-location","Yes","Keep / Prerender Content","Zultys Phone Systems Fort Worth","650","Zultys Business Phone Systems Dallas Fort Worth","Organization, WebSite, BreadcrumbList, ProfessionalService, Service","Prerender semantic HTML body with H1, text, breadcrumbs, and internal links."
"/fort-worth-zultys-enterprise","Live 200 OK (Canonical)","/fort-worth-zultys-enterprise","Yes","Keep / Prerender Content","Zultys Phone Systems Fort Worth","650","Zultys Business Phone Systems Dallas Fort Worth","Organization, WebSite, BreadcrumbList, ProfessionalService, Service","Prerender semantic HTML body with H1, text, breadcrumbs, and internal links."
"/sitemap.html","Live 200 OK (Canonical)","/sitemap.html","Yes","Keep / Prerender Content","Zultys Phone Systems Sitemap TX","650","Zultys Business Phone Systems Dallas Fort Worth","Organization, WebSite, BreadcrumbList, ProfessionalService, Service","Prerender semantic HTML body with H1, text, breadcrumbs, and internal links."
"/sitemap","Live 200 OK (Non-Canonical Alternate)","/sitemap.html","No","Keep Alternate / Map Canonical","Zultys Phone Systems Sitemap TX","650","Zultys Business Phone Systems Dallas Fort Worth","Organization, WebSite, BreadcrumbList, ProfessionalService, Service","Canonical points to /sitemap.html. Do not include in XML sitemap."
"/seo-dashboard","Live 200 OK (Admin Utility)","/seo-dashboard","No","Disallow / Noindex","Zultys Phone Systems Seo Dashboard TX","650","Zultys Business Phone Systems Dallas Fort Worth","Organization, WebSite, BreadcrumbList, ProfessionalService, Service","Prerender semantic HTML body with H1, text, breadcrumbs, and internal links."
"/admin/search-console","Live 200 OK (Admin Utility)","/admin/search-console","No","Disallow / Noindex","Zultys Phone Systems Admin/search Console TX","650","Zultys Business Phone Systems Dallas Fort Worth","Organization, WebSite, BreadcrumbList, ProfessionalService, Service","Prerender semantic HTML body with H1, text, breadcrumbs, and internal links."
"/citation-health","Live 200 OK (Admin Utility)","/citation-health","No","Disallow / Noindex","Zultys Phone Systems Citation Health TX","650","Zultys Business Phone Systems Dallas Fort Worth","Organization, WebSite, BreadcrumbList, ProfessionalService, Service","Prerender semantic HTML body with H1, text, breadcrumbs, and internal links."
"/admin/citations","Live 200 OK (Admin Utility)","/admin/citations","No","Disallow / Noindex","Zultys Phone Systems Admin/citations TX","650","Zultys Business Phone Systems Dallas Fort Worth","Organization, WebSite, BreadcrumbList, ProfessionalService, Service","Prerender semantic HTML body with H1, text, breadcrumbs, and internal links."
"/zultys-support","Live 200 OK (Canonical)","/zultys-support","Yes","Keep / Prerender Content","Zultys Phone Systems Zultys Support TX","650","Zultys Business Phone Systems Dallas Fort Worth","Organization, WebSite, BreadcrumbList, ProfessionalService, Service","Prerender semantic HTML body with H1, text, breadcrumbs, and internal links."
"/fort-worth-zultys-on-premise","Live 200 OK (Canonical)","/fort-worth-zultys-on-premise","Yes","Keep / Prerender Content","Zultys Phone Systems Fort Worth","650","Zultys Business Phone Systems Dallas Fort Worth","Organization, WebSite, BreadcrumbList, ProfessionalService, Service","Prerender semantic HTML body with H1, text, breadcrumbs, and internal links."
"/fort-worth-zultys-hybrid","Live 200 OK (Canonical)","/fort-worth-zultys-hybrid","Yes","Keep / Prerender Content","Zultys Phone Systems Fort Worth","650","Zultys Business Phone Systems Dallas Fort Worth","Organization, WebSite, BreadcrumbList, ProfessionalService, Service","Prerender semantic HTML body with H1, text, breadcrumbs, and internal links."
"/fort-worth-zultys-contact-center","Live 200 OK (Canonical)","/fort-worth-zultys-contact-center","Yes","Keep / Prerender Content","Zultys Phone Systems Fort Worth","650","Zultys Business Phone Systems Dallas Fort Worth","Organization, WebSite, BreadcrumbList, ProfessionalService, Service","Prerender semantic HTML body with H1, text, breadcrumbs, and internal links."
"/fort-worth-zultys-support","Live 200 OK (Canonical)","/fort-worth-zultys-support","Yes","Keep / Prerender Content","Zultys Phone Systems Fort Worth","650","Zultys Business Phone Systems Dallas Fort Worth","Organization, WebSite, BreadcrumbList, ProfessionalService, Service","Prerender semantic HTML body with H1, text, breadcrumbs, and internal links."
"/fort-worth-zultys-installation","Live 200 OK (Canonical)","/fort-worth-zultys-installation","Yes","Keep / Prerender Content","Zultys Phone Systems Fort Worth","650","Zultys Business Phone Systems Dallas Fort Worth","Organization, WebSite, BreadcrumbList, ProfessionalService, Service","Prerender semantic HTML body with H1, text, breadcrumbs, and internal links."
"/fort-worth-zultys-training","Live 200 OK (Canonical)","/fort-worth-zultys-training","Yes","Keep / Prerender Content","Zultys Phone Systems Fort Worth","650","Zultys Business Phone Systems Dallas Fort Worth","Organization, WebSite, BreadcrumbList, ProfessionalService, Service","Prerender semantic HTML body with H1, text, breadcrumbs, and internal links."
"/addison-tx-zultys-phone-systems","Live 200 OK (Canonical)","/addison-tx-zultys-phone-systems","Yes","Keep / Prerender Content","Zultys IP Phones","650","Zultys Business Phone Systems Dallas Fort Worth","Organization, WebSite, BreadcrumbList, ProfessionalService, Service","Prerender semantic HTML body with H1, text, breadcrumbs, and internal links."
"/addison","Live 200 OK (Non-Canonical Alternate)","/addison-tx-zultys-phone-systems","No","Keep Alternate / Map Canonical","Zultys Phone Systems Addison TX","650","Zultys Business Phone Systems Dallas Fort Worth","Organization, WebSite, BreadcrumbList, ProfessionalService, Service","Canonical points to /addison-tx-zultys-phone-systems. Do not include in XML sitemap."
"/aledo-tx-zultys-phone-systems","Live 200 OK (Canonical)","/aledo-tx-zultys-phone-systems","Yes","Keep / Prerender Content","Zultys IP Phones","650","Zultys Business Phone Systems Dallas Fort Worth","Organization, WebSite, BreadcrumbList, ProfessionalService, Service","Prerender semantic HTML body with H1, text, breadcrumbs, and internal links."
"/aledo","Live 200 OK (Non-Canonical Alternate)","/aledo-tx-zultys-phone-systems","No","Keep Alternate / Map Canonical","Zultys Phone Systems Aledo TX","650","Zultys Business Phone Systems Dallas Fort Worth","Organization, WebSite, BreadcrumbList, ProfessionalService, Service","Canonical points to /aledo-tx-zultys-phone-systems. Do not include in XML sitemap."
"/blue-mound-tx-zultys-phone-systems","Live 200 OK (Canonical)","/blue-mound-tx-zultys-phone-systems","Yes","Keep / Prerender Content","Zultys IP Phones","650","Zultys Business Phone Systems Dallas Fort Worth","Organization, WebSite, BreadcrumbList, ProfessionalService, Service","Prerender semantic HTML body with H1, text, breadcrumbs, and internal links."
"/blue-mound","Live 200 OK (Non-Canonical Alternate)","/blue-mound-tx-zultys-phone-systems","No","Keep Alternate / Map Canonical","Zultys Phone Systems Blue Mound TX","650","Zultys Business Phone Systems Dallas Fort Worth","Organization, WebSite, BreadcrumbList, ProfessionalService, Service","Canonical points to /blue-mound-tx-zultys-phone-systems. Do not include in XML sitemap."
"/sitemap.xml","301 Redirect","/sitemap.xml","No","Maintain 301 Redirect","N/A (Redirect)","0","Legacy Alias","None","Configured in public/_redirects. Target: /sitemap.xml"
"/sitemap.xsl","301 Redirect","/sitemap.xsl","No","Maintain 301 Redirect","N/A (Redirect)","0","Legacy Alias","None","Configured in public/_redirects. Target: /sitemap.xsl"
"/robots.txt","301 Redirect","/robots.txt","No","Maintain 301 Redirect","N/A (Redirect)","0","Legacy Alias","None","Configured in public/_redirects. Target: /robots.txt"
"/zultys-business-phone-systems-dallas-fort-worth","301 Redirect","/zultys-business-phone-systems","No","Maintain 301 Redirect","N/A (Redirect)","0","Legacy Alias","None","Configured in public/_redirects. Target: /zultys-business-phone-systems"
"/business-voip-phone-system-dallas-fort-worth","301 Redirect","/cloud-services","No","Maintain 301 Redirect","N/A (Redirect)","0","Legacy Alias","None","Configured in public/_redirects. Target: /cloud-services"
"/cloud-pbx-hosted-pbx-dallas-fort-worth","301 Redirect","/cloud-services","No","Maintain 301 Redirect","N/A (Redirect)","0","Legacy Alias","None","Configured in public/_redirects. Target: /cloud-services"
"/unified-communications-ucaas-dallas-fort-worth","301 Redirect","/solutions","No","Maintain 301 Redirect","N/A (Redirect)","0","Legacy Alias","None","Configured in public/_redirects. Target: /solutions"
"/hybrid-on-premise-voip-pbx-dallas-fort-worth","301 Redirect","/hybrid","No","Maintain 301 Redirect","N/A (Redirect)","0","Legacy Alias","None","Configured in public/_redirects. Target: /hybrid"
"/contact-center-solutions-dallas-fort-worth","301 Redirect","/contact-center","No","Maintain 301 Redirect","N/A (Redirect)","0","Legacy Alias","None","Configured in public/_redirects. Target: /contact-center"
"/microsoft-teams-phone-system-integration-dallas-fort-worth","301 Redirect","/zultys-vs-microsoft-teams","No","Maintain 301 Redirect","N/A (Redirect)","0","Legacy Alias","None","Configured in public/_redirects. Target: /zultys-vs-microsoft-teams"
"/zultys-phone-system-installation-support-dallas-fort-worth","301 Redirect","/installation","No","Maintain 301 Redirect","N/A (Redirect)","0","Legacy Alias","None","Configured in public/_redirects. Target: /installation"
"/zultys-phone-system-pricing-dallas-fort-worth","301 Redirect","/pricing","No","Maintain 301 Redirect","N/A (Redirect)","0","Legacy Alias","None","Configured in public/_redirects. Target: /pricing"
"/business-internet-networking-dallas-fort-worth","301 Redirect","/blog/how-to-optimize-your-office-network-for-voip-performance","No","Maintain 301 Redirect","N/A (Redirect)","0","Legacy Alias","None","Configured in public/_redirects. Target: /blog/how-to-optimize-your-office-network-for-voip-performance"
"/service-areas/dallas-fort-worth","301 Redirect","/dallas-zultys-phones","No","Maintain 301 Redirect","N/A (Redirect)","0","Legacy Alias","None","Configured in public/_redirects. Target: /dallas-zultys-phones"
"/request-a-quote","301 Redirect","/contact","No","Maintain 301 Redirect","N/A (Redirect)","0","Legacy Alias","None","Configured in public/_redirects. Target: /contact"
"/dallas","301 Redirect","/dallas-zultys-phones","No","Maintain 301 Redirect","N/A (Redirect)","0","Legacy Alias","None","Configured in public/_redirects. Target: /dallas-zultys-phones"
"/fort-worth","301 Redirect","/fort-worth-zultys-systems","No","Maintain 301 Redirect","N/A (Redirect)","0","Legacy Alias","None","Configured in public/_redirects. Target: /fort-worth-zultys-systems"
"/*","301 Redirect","/index.html","No","Maintain 301 Redirect","N/A (Redirect)","0","Legacy Alias","None","Configured in public/_redirects. Target: /index.html"